x,y,intensity,ultra,lidar
0,0,32,20,36447
0,0,33,20,226
0,0,33,20,226
0,0,34,20,227
0,0,31,20,227
0,4,32,20,227
0,4,30,765,227
0,4,33,20,228
0,4,33,20,228
0,4,33,20,227
0,8,31,20,227
0,8,32,20,228
0,8,32,20,228
0,8,32,20,227
0,8,32,20,227
0,12,32,20,227
0,12,31,765,227
0,12,31,20,228
0,12,32,20,228
0,12,32,20,227
0,16,34,20,227
0,16,32,20,227
0,16,29,20,227
0,16,34,20,227
0,16,32,20,227
0,20,34,20,226
0,20,31,20,226
0,20,34,20,227
0,20,33,20,227
0,20,32,20,228
0,24,34,20,228
0,24,33,20,227
0,24,33,20,227
0,24,34,20,227
0,24,30,20,227
0,28,32,20,226
0,28,32,765,226
0,28,31,20,227
0,28,34,20,227
0,28,32,20,227
0,32,31,20,227
0,32,32,20,227
0,32,30,20,227
0,32,33,20,226
0,32,33,20,226
0,36,30,20,226
0,36,32,20,226
0,36,36,20,226
0,36,32,20,226
0,36,31,20,226
0,40,32,20,226
0,40,30,20,226
0,40,32,20,226
0,40,31,20,227
0,40,32,20,227
0,44,32,20,225
0,44,33,765,225
0,44,32,20,226
0,44,32,20,226
0,44,32,20,225
0,48,35,20,225
0,48,33,20,225
0,48,31,20,225
0,48,34,20,226
0,48,32,20,226
0,52,32,20,226
0,52,31,20,226
0,52,32,20,225
0,52,31,20,225
0,52,33,20,225
0,56,32,21,225
0,56,33,21,224
0,56,31,21,224
0,56,32,21,226
0,56,35,21,226
0,60,33,21,225
0,60,34,22,225
0,60,30,21,225
0,60,34,20,225
0,60,30,21,226
0,64,32,22,226
0,64,33,22,225
0,64,33,22,225
0,64,35,22,225
0,64,31,22,225
0,68,29,21,226
0,68,35,765,226
0,68,33,21,224
0,68,34,21,224
0,68,30,21,224
0,72,34,21,224
0,72,29,21,224
0,72,32,21,224
0,72,33,21,223
0,72,34,21,223
0,76,38,21,224
0,76,34,22,224
0,76,33,21,224
0,76,34,21,224
0,76,32,21,223
0,80,31,21,223
0,80,33,21,224
0,80,31,21,224
0,80,32,21,223
0,80,34,21,223
0,84,30,20,222
0,84,33,20,222
0,84,31,20,223
0,84,34,20,223
0,84,33,20,224
0,88,31,20,224
0,88,34,20,224
0,88,35,20,224
0,88,33,20,224
0,88,31,20,224
0,92,34,20,224
0,92,35,20,224
0,92,35,20,223
0,92,35,20,223
0,92,34,20,223
0,96,33,20,223
0,96,31,20,223
0,96,32,20,223
0,96,32,20,222
0,96,34,20,222
0,100,30,20,225
0,100,37,20,225
0,100,35,20,223
0,100,32,20,223
0,100,33,20,224
0,104,34,20,224
0,104,33,20,223
0,104,34,20,223
0,104,29,20,222
0,104,31,20,222
0,108,30,20,223
0,108,31,20,223
0,108,36,20,223
0,108,35,20,223
0,108,31,20,222
0,112,33,20,222
0,112,32,20,222
0,112,32,20,222
0,112,31,20,222
0,112,32,20,221
0,116,31,20,221
0,116,33,20,221
0,116,30,20,221
0,116,34,20,221
0,116,35,20,221
0,120,32,20,220
0,120,33,765,220
0,120,31,20,222
0,120,32,20,222
0,120,34,20,221
4,120,32,20,221
4,120,34,20,222
4,120,34,20,222
4,120,34,20,222
4,120,34,20,222
4,116,34,20,221
4,116,33,20,221
4,116,35,20,222
4,116,32,20,222
4,116,35,20,222
4,112,33,20,222
4,112,34,20,222
4,112,33,20,222
4,112,30,20,221
4,112,35,20,221
4,108,31,20,221
4,108,35,20,221
4,108,33,20,221
4,108,36,20,221
4,108,33,20,222
4,104,34,20,222
4,104,34,20,221
4,104,31,20,221
4,104,33,20,223
4,104,34,20,223
4,100,33,20,220
4,100,32,21,220
4,100,33,20,222
4,100,33,20,222
4,100,36,20,220
4,96,30,20,220
4,96,35,20,220
4,96,34,20,222
4,96,35,20,222
4,96,33,20,221
4,92,34,23,221
4,92,34,23,221
4,92,32,23,221
4,92,32,23,223
4,92,34,23,223
4,88,31,23,221
4,88,32,765,221
4,88,34,23,221
4,88,34,23,221
4,88,32,23,220
4,84,32,22,220
4,84,31,22,222
4,84,31,22,222
4,84,36,22,220
4,84,31,22,220
4,80,32,21,221
4,80,33,765,221
4,80,30,21,221
4,80,34,21,221
4,80,31,21,221
4,76,34,22,221
4,76,34,22,222
4,76,34,22,222
4,76,31,22,220
4,76,34,22,220
4,72,34,22,221
4,72,36,24,221
4,72,35,22,220
4,72,33,22,220
4,72,31,22,220
4,68,33,21,220
4,68,36,21,220
4,68,32,21,220
4,68,35,21,219
4,68,34,21,219
4,64,34,21,219
4,64,31,765,219
4,64,32,21,219
4,64,34,21,219
4,64,35,21,220
4,60,33,21,220
4,60,34,21,219
4,60,33,21,219
4,60,33,21,220
4,60,35,21,220
4,56,32,22,220
4,56,35,23,220
4,56,32,22,219
4,56,31,22,219
4,56,36,22,219
4,52,33,24,219
4,52,31,24,221
4,52,31,24,221
4,52,33,24,220
4,52,33,24,220
4,48,34,20,220
4,48,33,765,220
4,48,34,20,222
4,48,31,20,222
4,48,35,20,221
4,44,34,20,221
4,44,35,20,220
4,44,32,20,220
4,44,34,20,220
4,44,36,20,220
4,40,36,20,221
4,40,30,765,221
4,40,34,20,221
4,40,32,20,221
4,40,30,20,221
4,36,32,20,221
4,36,35,20,221
4,36,34,20,221
4,36,33,20,221
4,36,35,20,221
4,32,34,20,222
4,32,33,20,222
4,32,35,20,222
4,32,31,20,222
4,32,35,20,222
4,28,35,20,222
4,28,33,20,222
4,28,32,20,222
4,28,36,20,222
4,28,32,20,222
4,24,33,20,220
4,24,34,765,220
4,24,34,20,221
4,24,33,20,221
4,24,32,20,222
4,20,31,20,222
4,20,32,20,222
4,20,34,20,222
4,20,33,20,222
4,20,32,20,222
4,16,32,20,222
4,16,35,20,222
4,16,33,20,221
4,16,33,20,221
4,16,34,20,221
4,12,32,20,221
4,12,35,20,224
4,12,35,20,224
4,12,34,20,223
4,12,31,20,223
4,8,34,20,222
4,8,28,765,222
4,8,31,20,223
4,8,31,20,223
4,8,32,20,223
4,4,33,20,223
4,4,32,20,224
4,4,32,20,224
4,4,32,20,222
4,4,34,20,222
4,0,33,20,223
4,0,33,21,223
4,0,32,20,224
4,0,32,20,224
4,0,30,20,223
8,0,32,20,223
8,0,32,20,223
8,0,34,20,223
8,0,33,20,222
8,0,35,20,222
8,4,37,20,223
8,4,35,765,223
8,4,30,20,223
8,4,34,20,223
8,4,34,20,224
8,8,34,20,224
8,8,32,20,222
8,8,35,20,222
8,8,32,20,221
8,8,33,20,221
8,12,33,20,223
8,12,34,765,223
8,12,30,20,224
8,12,33,20,224
8,12,33,20,223
8,16,34,20,223
8,16,32,20,222
8,16,32,20,222
8,16,36,20,223
8,16,33,20,223
8,20,32,20,222
8,20,33,765,222
8,20,33,20,223
8,20,33,20,223
8,20,34,20,221
8,24,32,20,221
8,24,28,20,221
8,24,31,20,221
8,24,33,20,221
8,24,34,20,222
8,28,32,20,222
8,28,32,20,220
8,28,35,20,220
8,28,34,20,221
8,28,34,20,221
8,32,33,20,221
8,32,32,20,221
8,32,32,20,221
8,32,33,20,221
8,32,31,20,222
8,36,33,20,222
8,36,33,20,220
8,36,32,20,220
8,36,35,20,218
8,36,32,20,218
8,40,34,20,220
8,40,34,20,220
8,40,34,20,218
8,40,34,20,218
8,40,36,20,219
8,44,35,20,219
8,44,34,20,217
8,44,34,20,217
8,44,37,20,217
8,44,34,20,217
8,48,30,20,215
8,48,34,20,215
8,48,34,20,212
8,48,34,20,212
8,48,32,20,212
8,52,34,24,212
8,52,33,24,206
8,52,33,24,206
8,52,36,24,207
8,52,31,24,207
8,56,34,24,207
8,56,33,43,207
8,56,30,24,202
8,56,32,24,202
8,56,34,24,203
8,60,33,26,203
8,60,33,26,200
8,60,32,26,200
8,60,35,26,200
8,60,35,26,200
8,64,36,25,201
8,64,34,765,201
8,64,36,25,202
8,64,33,25,202
8,64,34,25,202
8,68,32,26,202
8,68,33,26,206
8,68,34,26,206
8,68,36,26,206
8,68,31,26,206
8,72,34,26,208
8,72,34,765,208
8,72,34,26,214
8,72,34,26,214
8,72,35,26,212
8,76,34,34,212
8,76,35,34,218
8,76,36,34,218
8,76,35,34,216
8,76,34,34,216
8,80,33,83,218
8,80,32,82,218
8,80,33,83,219
8,80,34,83,219
8,80,28,83,218
8,84,34,29,218
8,84,33,29,221
8,84,32,29,221
8,84,33,29,219
8,84,34,29,219
8,88,36,26,220
8,88,36,765,220
8,88,33,26,220
8,88,31,26,220
8,88,34,26,221
8,92,34,26,221
8,92,35,26,221
8,92,33,26,221
8,92,35,26,220
8,92,35,26,220
8,96,34,41,219
8,96,34,765,219
8,96,32,41,221
8,96,34,41,221
8,96,35,41,222
8,100,35,21,222
8,100,34,21,221
8,100,33,21,221
8,100,37,21,220
8,100,33,21,220
8,104,35,20,220
8,104,38,21,220
8,104,34,20,220
8,104,32,20,220
8,104,33,20,220
8,108,34,20,220
8,108,32,20,220
8,108,33,20,220
8,108,32,20,219
8,108,33,20,219
8,112,34,20,220
8,112,32,20,220
8,112,33,20,220
8,112,35,20,220
8,112,35,20,221
8,116,34,20,221
8,116,34,20,221
8,116,31,20,221
8,116,32,20,221
8,116,33,20,221
8,120,35,20,219
8,120,32,20,219
8,120,34,20,220
8,120,33,20,220
8,120,33,20,220
12,120,33,20,220
12,120,33,20,219
12,120,33,20,219
12,120,32,20,218
12,120,32,20,218
12,116,36,20,220
12,116,33,765,220
12,116,34,20,219
12,116,34,20,219
12,116,32,20,219
12,112,30,20,219
12,112,34,20,221
12,112,33,20,221
12,112,35,20,219
12,112,33,20,219
12,108,34,20,220
12,108,35,20,220
12,108,35,20,220
12,108,37,20,220
12,108,33,20,219
12,104,34,21,219
12,104,33,21,220
12,104,33,21,220
12,104,34,21,218
12,104,34,21,218
12,100,37,23,220
12,100,32,765,220
12,100,33,23,220
12,100,36,23,220
12,100,33,23,219
12,96,35,32,219
12,96,34,32,219
12,96,35,32,219
12,96,34,32,220
12,96,33,32,220
12,92,34,33,220
12,92,35,765,220
12,92,32,33,218
12,92,37,33,218
12,92,34,33,217
12,88,35,317,217
12,88,34,317,218
12,88,36,317,218
12,88,35,317,217
12,88,33,317,217
12,84,35,765,218
12,84,34,765,218
12,84,35,765,214
12,84,35,765,214
12,84,35,765,213
12,80,33,37,213
12,80,36,36,199
12,80,33,37,199
12,80,34,37,199
12,80,31,37,199
12,76,35,31,200
12,76,33,765,200
12,76,37,31,172
12,76,37,31,172
12,76,35,31,173
12,72,36,33,173
12,72,33,33,147
12,72,34,33,147
12,72,39,33,146
12,72,33,33,146
12,68,37,32,147
12,68,36,765,147
12,68,36,32,132
12,68,36,32,132
12,68,32,32,133
12,64,34,28,133
12,64,37,28,124
12,64,36,28,124
12,64,34,28,124
12,64,33,28,124
12,60,37,25,125
12,60,36,37,125
12,60,34,25,121
12,60,34,25,121
12,60,34,25,121
12,56,35,24,121
12,56,35,24,125
12,56,32,24,125
12,56,34,24,126
12,56,35,24,126
12,52,35,22,126
12,52,35,33,126
12,52,35,22,138
12,52,35,22,138
12,52,37,22,136
12,48,35,20,136
12,48,35,20,159
12,48,36,20,159
12,48,35,20,160
12,48,36,20,160
12,44,31,20,160
12,44,33,20,160
12,44,31,20,185
12,44,36,20,185
12,44,33,20,186
12,40,32,20,186
12,40,34,20,204
12,40,33,20,204
12,40,32,20,205
12,40,33,20,205
12,36,33,20,204
12,36,33,765,204
12,36,34,20,214
12,36,32,20,214
12,36,32,20,213
12,32,32,20,213
12,32,33,20,216
12,32,34,20,216
12,32,33,20,216
12,32,31,20,216
12,28,33,20,215
12,28,34,765,215
12,28,35,20,219
12,28,36,20,219
12,28,31,20,217
12,24,36,20,217
12,24,34,20,219
12,24,34,20,219
12,24,34,20,219
12,24,32,20,219
12,20,33,20,218
12,20,32,765,218
12,20,33,20,219
12,20,31,20,219
12,20,31,20,218
12,16,33,20,218
12,16,32,20,221
12,16,34,20,221
12,16,33,20,220
12,16,32,20,220
12,12,33,20,220
12,12,35,765,220
12,12,34,20,220
12,12,34,20,220
12,12,33,20,220
12,8,31,20,220
12,8,34,20,221
12,8,35,20,221
12,8,35,20,220
12,8,32,20,220
12,4,29,20,219
12,4,33,765,219
12,4,29,20,221
12,4,32,20,221
12,4,34,20,222
12,0,33,20,222
12,0,33,20,222
12,0,34,20,222
12,0,33,20,222
12,0,32,20,222
16,0,29,20,223
16,0,34,765,223
16,0,33,20,222
16,0,32,20,222
16,0,32,20,221
16,4,32,20,221
16,4,35,20,220
16,4,33,20,220
16,4,33,20,220
16,4,32,20,220
16,8,33,20,221
16,8,35,765,221
16,8,35,20,219
16,8,32,20,219
16,8,33,20,218
16,12,31,20,218
16,12,34,20,219
16,12,33,20,219
16,12,34,20,217
16,12,34,20,217
16,16,34,21,219
16,16,32,765,219
16,16,34,21,218
16,16,34,21,218
16,16,32,21,219
16,20,32,20,219
16,20,31,20,218
16,20,31,20,218
16,20,35,20,218
16,20,33,20,218
16,24,33,20,218
16,24,37,765,218
16,24,34,20,218
16,24,32,20,218
16,24,30,20,217
16,28,33,20,217
16,28,35,20,215
16,28,35,20,215
16,28,34,20,214
16,28,33,20,214
16,32,35,20,214
16,32,34,20,214
16,32,33,20,210
16,32,31,20,210
16,32,33,20,209
16,36,35,20,209
16,36,33,20,188
16,36,35,20,188
16,36,37,20,190
16,36,32,20,190
16,40,36,20,188
16,40,36,20,188
16,40,34,20,148
16,40,36,20,148
16,40,35,20,151
16,44,35,20,151
16,44,37,20,116
16,44,35,20,116
16,44,36,20,113
16,44,37,20,113
16,48,45,20,114
16,48,35,765,114
16,48,34,20,89
16,48,38,20,89
16,48,36,20,88
16,52,35,23,88
16,52,36,23,73
16,52,38,23,73
16,52,37,23,73
16,52,38,22,73
16,56,48,28,74
16,56,37,31,74
16,56,37,28,63
16,56,34,28,63
16,56,38,28,63
16,60,33,26,63
16,60,39,26,60
16,60,33,26,60
16,60,39,26,60
16,60,42,26,60
16,64,36,25,59
16,64,36,50,59
16,64,38,25,60
16,64,39,25,60
16,64,39,25,59
16,68,37,27,59
16,68,40,27,64
16,68,41,27,64
16,68,37,27,64
16,68,38,27,64
16,72,37,28,63
16,72,37,765,63
16,72,38,28,74
16,72,38,28,74
16,72,38,28,74
16,76,38,28,74
16,76,38,28,84
16,76,38,28,84
16,76,36,28,85
16,76,39,28,85
16,80,37,33,84
16,80,38,36,84
16,80,36,33,108
16,80,39,34,108
16,80,37,34,109
16,84,35,247,109
16,84,37,247,146
16,84,35,247,146
16,84,36,40,145
16,84,36,40,145
16,88,38,43,146
16,88,40,42,146
16,88,37,43,191
16,88,38,43,191
16,88,38,43,192
16,92,40,317,192
16,92,36,765,213
16,92,36,765,213
16,92,34,765,213
16,92,37,317,213
16,96,35,765,214
16,96,34,765,214
16,96,32,765,217
16,96,33,765,217
16,96,38,765,218
16,100,36,31,218
16,100,36,31,217
16,100,35,31,217
16,100,34,31,219
16,100,36,31,219
16,104,37,24,218
16,104,35,765,218
16,104,33,24,219
16,104,34,24,219
16,104,33,24,219
16,108,35,21,219
16,108,36,21,217
16,108,33,21,217
16,108,32,21,219
16,108,35,21,219
16,112,30,20,219
16,112,34,20,219
16,112,33,20,220
16,112,31,20,220
16,112,35,20,220
16,116,34,20,220
16,116,33,20,220
16,116,34,20,220
16,116,33,20,220
16,116,34,20,220
16,120,35,20,219
16,120,34,20,219
16,120,33,20,219
16,120,35,20,219
16,120,35,20,218
20,120,34,20,218
20,120,34,20,220
20,120,34,20,220
20,120,35,20,220
20,120,35,20,220
20,116,34,20,219
20,116,36,20,219
20,116,33,20,218
20,116,31,20,218
20,116,35,20,219
20,112,35,20,219
20,112,33,20,217
20,112,35,20,217
20,112,37,20,219
20,112,32,20,219
20,108,34,22,218
20,108,34,21,218
20,108,35,22,217
20,108,36,21,217
20,108,34,22,217
20,104,35,41,217
20,104,35,41,218
20,104,35,41,218
20,104,37,41,217
20,104,36,41,217
20,100,37,26,218
20,100,36,765,218
20,100,36,26,217
20,100,36,26,217
20,100,34,26,216
20,96,37,765,216
20,96,37,765,210
20,96,38,765,210
20,96,37,765,210
20,96,38,765,210
20,92,37,765,210
20,92,42,765,210
20,92,37,765,177
20,92,37,765,177
20,92,39,765,176
20,88,39,28,176
20,88,37,28,118
20,88,38,28,118
20,88,40,28,122
20,88,40,28,122
20,84,46,765,118
20,84,45,765,118
20,84,43,765,82
20,84,43,765,82
20,84,42,765,82
20,80,46,765,82
20,80,42,765,58
20,80,45,765,58
20,80,44,765,59
20,80,44,765,59
20,76,44,25,59
20,76,47,55,59
20,76,46,25,45
20,76,51,25,45
20,76,47,25,45
20,72,47,25,45
20,72,50,25,43
20,72,48,25,43
20,72,48,25,42
20,72,46,25,42
20,68,70,28,38
20,68,53,33,38
20,68,50,28,37
20,68,51,28,37
20,68,50,28,37
20,64,50,27,37
20,64,51,27,34
20,64,48,27,34
20,64,48,27,33
20,64,48,27,33
20,60,47,25,34
20,60,49,27,34
20,60,49,25,32
20,60,46,25,32
20,60,47,25,32
20,56,48,25,32
20,56,47,25,32
20,56,44,25,32
20,56,47,25,32
20,56,45,25,32
20,52,60,21,32
20,52,46,765,32
20,52,43,21,36
20,52,41,21,36
20,52,43,21,37
20,48,42,21,37
20,48,42,21,43
20,48,41,21,43
20,48,41,21,42
20,48,38,21,42
20,44,41,20,42
20,44,37,20,42
20,44,37,20,58
20,44,37,20,58
20,44,37,20,57
20,40,36,20,57
20,40,37,20,85
20,40,40,20,85
20,40,36,20,84
20,40,35,20,84
20,36,38,20,85
20,36,36,20,85
20,36,36,20,122
20,36,32,20,122
20,36,38,20,126
20,32,35,20,126
20,32,39,20,173
20,32,34,20,173
20,32,36,20,174
20,32,39,20,174
20,28,33,20,174
20,28,33,765,174
20,28,36,20,205
20,28,35,20,205
20,28,34,20,206
20,24,32,20,206
20,24,35,20,212
20,24,34,20,212
20,24,32,20,214
20,24,35,20,214
20,20,31,20,214
20,20,33,765,214
20,20,33,20,214
20,20,33,20,214
20,20,35,20,214
20,16,32,20,214
20,16,34,20,217
20,16,30,20,217
20,16,36,20,215
20,16,33,20,215
20,12,34,20,216
20,12,33,765,216
20,12,32,20,218
20,12,31,20,218
20,12,35,20,217
20,8,30,20,217
20,8,33,20,218
20,8,32,20,218
20,8,32,20,217
20,8,30,20,217
20,4,34,20,218
20,4,33,765,218
20,4,32,20,218
20,4,33,20,218
20,4,33,20,218
20,0,33,20,218
20,0,33,20,219
20,0,32,20,219
20,0,34,20,218
20,0,33,20,218
24,0,33,20,218
24,0,32,765,218
24,0,34,20,217
24,0,31,20,217
24,0,33,20,219
24,4,34,20,219
24,4,33,20,217
24,4,34,20,217
24,4,34,20,217
24,4,32,20,217
24,8,35,20,217
24,8,34,765,217
24,8,35,20,217
24,8,32,20,217
24,8,34,20,216
24,12,33,20,216
24,12,32,20,217
24,12,32,20,217
24,12,32,20,216
24,12,33,20,216
24,16,33,20,216
24,16,35,20,216
24,16,35,20,216
24,16,33,20,216
24,16,34,20,216
24,20,33,20,216
24,20,34,20,212
24,20,36,20,212
24,20,33,20,213
24,20,34,20,213
24,24,35,20,214
24,24,35,765,214
24,24,31,20,208
24,24,35,20,208
24,24,35,20,209
24,28,38,20,209
24,28,36,20,180
24,28,37,20,180
24,28,38,20,180
24,28,34,20,180
24,32,35,20,179
24,32,39,20,179
24,32,36,20,120
24,32,35,20,120
24,32,33,20,124
24,36,38,20,124
24,36,40,20,77
24,36,39,20,77
24,36,38,20,77
24,36,38,20,77
24,40,48,20,78
24,40,41,20,78
24,40,43,20,45
24,40,44,20,45
24,40,42,20,45
24,44,46,20,44
24,44,46,20,44
24,44,48,20,31
24,44,51,20,31
24,44,50,20,30
24,48,56,22,30
24,48,55,22,26
24,48,57,22,26
24,48,53,22,26
24,48,57,22,26
24,52,85,28,26
24,52,64,34,26
24,52,65,28,23
24,52,64,28,23
24,52,63,28,23
24,56,76,30,23
24,56,74,30,23
24,56,75,30,23
24,56,73,30,23
24,56,70,30,23
24,60,78,26,23
24,60,84,33,23
24,60,82,26,23
24,60,78,26,23
24,60,78,26,23
24,64,84,765,23
24,64,90,765,23
24,64,86,765,23
24,64,86,765,24
24,64,90,765,24
24,68,110,28,23
24,68,85,765,23
24,68,89,28,25
24,68,88,28,25
24,68,90,28,25
24,72,85,765,25
24,72,90,765,27
24,72,89,765,27
24,72,90,765,27
24,72,85,765,27
24,76,81,765,28
24,76,85,765,28
24,76,82,765,28
24,76,85,765,28
24,76,84,765,29
24,80,76,20,29
24,80,73,20,38
24,80,73,20,38
24,80,74,20,38
24,80,72,20,38
24,84,67,765,38
24,84,63,765,38
24,84,65,765,45
24,84,66,765,45
24,84,65,765,45
24,88,56,765,45
24,88,56,765,60
24,88,57,765,60
24,88,56,765,61
24,88,55,765,61
24,92,49,38,60
24,92,52,765,60
24,92,51,38,91
24,92,49,38,91
24,92,50,38,91
24,96,45,27,91
24,96,42,27,151
24,96,46,27,151
24,96,44,27,152
24,96,44,27,152
24,100,42,253,151
24,100,41,253,151
24,100,41,253,206
24,100,39,253,206
24,100,39,253,206
24,104,37,207,206
24,104,36,207,214
24,104,40,207,214
24,104,40,207,215
24,104,40,207,215
24,108,37,33,216
24,108,36,765,216
24,108,38,33,217
24,108,37,33,217
24,108,38,33,216
24,112,38,21,216
24,112,35,21,217
24,112,35,21,217
24,112,37,21,216
24,112,34,21,216
24,116,31,20,218
24,116,34,21,218
24,116,36,20,218
24,116,36,20,218
24,116,34,20,219
24,120,35,20,219
24,120,35,20,217
24,120,34,20,217
24,120,32,20,218
24,120,36,20,218
28,120,33,20,218
28,120,33,20,218
28,120,34,20,218
28,120,37,20,218
28,120,35,20,218
28,116,35,20,218
28,116,34,20,217
28,116,35,20,217
28,116,37,20,216
28,116,36,20,216
28,112,36,21,218
28,112,37,21,218
28,112,39,21,216
28,112,37,21,216
28,112,39,21,215
28,108,37,24,215
28,108,39,24,214
28,108,41,24,214
28,108,36,24,215
28,108,43,24,215
28,104,42,207,215
28,104,42,207,215
28,104,42,207,208
28,104,43,207,208
28,104,44,207,209
28,100,48,251,209
28,100,50,251,168
28,100,52,251,168
28,100,49,251,167
28,100,48,252,167
28,96,52,207,167
28,96,58,765,167
28,96,59,207,91
28,96,60,207,91
28,96,59,207,92
28,92,74,252,92
28,92,79,252,54
28,92,75,252,54
28,92,76,252,55
28,92,75,252,55
28,88,91,765,55
28,88,93,765,55
28,88,93,765,45
28,88,95,765,45
28,88,94,765,43
28,84,119,765,43
28,84,120,765,33
28,84,120,765,33
28,84,119,765,32
28,84,122,765,32
28,80,166,20,33
28,80,145,20,33
28,80,143,20,33
28,80,142,20,29
28,80,143,20,29
28,76,140,20,28
28,76,163,20,28
28,76,163,20,33
28,76,163,20,33
28,76,164,20,34
28,72,168,20,34
28,72,169,20,30
28,72,169,20,30
28,72,169,20,29
28,72,168,20,29
28,68,167,28,30
28,68,163,765,30
28,68,165,28,26
28,68,165,28,26
28,68,164,28,28
28,64,162,40,28
28,64,161,40,27
28,64,161,40,27
28,64,160,40,25
28,64,162,40,25
28,60,156,22,25
28,60,157,37,25
28,60,156,22,27
28,60,157,22,27
28,60,156,22,27
28,56,141,24,27
28,56,139,24,27
28,56,139,24,27
28,56,137,24,29
28,56,140,24,29
28,52,115,21,27
28,52,114,765,27
28,52,115,21,30
28,52,115,21,30
28,52,115,21,30
28,48,94,22,30
28,48,92,22,21
28,48,91,22,21
28,48,95,22,20
28,48,86,22,20
28,44,42,20,20
28,44,73,765,20
28,44,71,20,22
28,44,74,20,22
28,44,70,20,21
28,40,56,20,21
28,40,55,20,24
28,40,57,20,24
28,40,58,20,25
28,40,55,20,25
28,36,45,20,23
28,36,49,765,23
28,36,48,20,40
28,36,43,20,40
28,36,46,20,40
28,32,41,20,40
28,32,40,20,78
28,32,38,20,78
28,32,39,20,79
28,32,45,20,79
28,28,34,20,77
28,28,37,20,77
28,28,38,20,135
28,28,35,20,135
28,28,37,20,134
28,24,38,20,134
28,24,35,20,191
28,24,36,20,191
28,24,38,20,193
28,24,37,20,193
28,20,34,20,192
28,20,36,765,192
28,20,33,20,208
28,20,35,20,208
28,20,34,20,209
28,16,34,20,209
28,16,33,20,212
28,16,32,20,212
28,16,35,20,211
28,16,32,20,211
28,12,33,20,213
28,12,33,765,213
28,12,32,20,213
28,12,32,20,213
28,12,32,20,213
28,8,33,20,213
28,8,30,20,215
28,8,34,20,215
28,8,34,20,216
28,8,33,20,216
28,4,35,20,215
28,4,33,765,215
28,4,34,20,214
28,4,35,20,214
28,4,31,20,217
28,0,31,20,217
28,0,35,20,216
28,0,35,20,216
28,0,33,20,216
28,0,31,20,216
32,0,34,20,216
32,0,34,765,216
32,0,32,20,216
32,0,32,20,216
32,0,33,20,216
32,4,29,20,216
32,4,32,20,215
32,4,32,20,215
32,4,34,20,214
32,4,35,20,214
32,8,33,20,215
32,8,31,765,215
32,8,36,20,213
32,8,33,20,213
32,8,32,20,214
32,12,31,20,214
32,12,33,20,212
32,12,33,20,212
32,12,35,20,212
32,12,32,20,212
32,16,34,20,213
32,16,33,765,213
32,16,31,20,211
32,16,34,20,211
32,16,34,20,210
32,20,36,20,210
32,20,37,20,203
32,20,36,20,203
32,20,34,20,203
32,20,33,20,203
32,24,35,20,204
32,24,35,765,204
32,24,36,20,175
32,24,36,20,175
32,24,37,20,174
32,28,35,20,174
32,28,41,20,111
32,28,39,20,111
32,28,40,20,110
32,28,39,20,110
32,32,53,20,117
32,32,45,765,117
32,32,44,20,60
32,32,45,20,60
32,32,45,20,61
32,36,60,20,61
32,36,63,20,26
32,36,59,20,26
32,36,58,20,26
32,36,56,20,26
32,40,111,20,26
32,40,87,765,26
32,40,86,20,26
32,40,82,765,18
32,40,83,20,18
32,44,110,20,19
32,44,119,20,19
32,44,124,20,24
32,44,118,20,24
32,44,119,20,23
32,48,153,20,23
32,48,152,20,28
32,48,153,20,28
32,48,154,20,26
32,48,153,20,26
32,52,162,20,28
32,52,163,20,28
32,52,162,20,24
32,52,162,20,24
32,52,163,20,25
32,56,174,40,25
32,56,174,40,25
32,56,174,40,25
32,56,176,40,26
32,56,176,40,26
32,60,189,20,25
32,60,189,20,25
32,60,188,20,25
32,60,188,20,25
32,60,189,20,24
32,64,201,20,24
32,64,202,27,24
32,64,200,27,24
32,64,201,27,26
32,64,201,20,26
32,68,210,29,25
32,68,210,42,25
32,68,211,30,24
32,68,212,30,24
32,68,209,30,24
32,72,216,765,24
32,72,216,765,27
32,72,216,765,27
32,72,215,765,26
32,72,216,765,26
32,76,217,765,25
32,76,217,765,25
32,76,217,765,28
32,76,216,765,28
32,76,215,765,27
32,80,210,765,27
32,80,210,765,30
32,80,211,765,30
32,80,211,765,31
32,80,211,765,31
32,84,201,29,31
32,84,199,29,31
32,84,200,29,33
32,84,202,29,33
32,84,202,29,32
32,88,188,765,32
32,88,189,765,32
32,88,188,765,32
32,88,189,765,33
32,88,190,765,33
32,92,137,251,32
32,92,154,251,32
32,92,152,251,41
32,92,147,251,41
32,92,151,251,41
32,96,111,252,41
32,96,109,252,53
32,96,109,252,53
32,96,111,252,53
32,96,111,252,53
32,100,78,252,54
32,100,81,252,54
32,100,79,252,94
32,100,81,252,94
32,100,82,252,96
32,104,59,207,96
32,104,59,207,180
32,104,60,207,180
32,104,59,206,181
32,104,60,206,181
32,108,46,207,180
32,108,48,208,180
32,108,46,207,211
32,108,47,207,211
32,108,47,207,211
32,112,41,20,211
32,112,39,20,215
32,112,41,20,215
32,112,42,20,214
32,112,39,20,214
32,116,36,20,215
32,116,37,20,215
32,116,34,20,215
32,116,36,20,215
32,116,39,20,216
32,120,34,20,216
32,120,35,20,216
32,120,36,20,216
32,120,39,20,216
32,120,33,20,216
36,120,38,20,216
36,120,35,20,216
36,120,37,20,216
36,120,36,20,216
36,120,39,20,215
36,116,38,20,215
36,116,40,20,214
36,116,41,20,214
36,116,40,20,216
36,116,40,20,216
36,112,50,20,216
36,112,47,20,216
36,112,45,20,213
36,112,48,20,213
36,112,49,20,214
36,108,61,23,214
36,108,62,23,208
36,108,63,23,208
36,108,60,23,209
36,108,60,23,209
36,104,88,206,207
36,104,86,206,207
36,104,89,206,153
36,104,88,206,153
36,104,89,206,153
36,100,129,765,153
36,100,131,765,70
36,100,133,765,70
36,100,130,765,70
36,100,130,765,70
36,96,183,765,70
36,96,191,765,70
36,96,193,765,43
36,96,192,765,43
36,96,195,765,43
36,92,221,765,43
36,92,221,765,31
36,92,217,765,31
36,92,218,765,31
36,92,219,765,31
36,88,246,38,32
36,88,247,38,32
36,88,248,38,34
36,88,247,38,34
36,88,248,38,34
36,84,255,38,34
36,84,255,38,29
36,84,255,38,29
36,84,255,38,29
36,84,255,38,29
36,80,255,765,28
36,80,255,765,28
36,80,255,765,28
36,80,255,765,28
36,80,255,765,28
36,76,255,765,28
36,76,255,765,26
36,76,255,765,26
36,76,255,765,25
36,76,255,765,25
36,72,255,44,26
36,72,255,45,26
36,72,255,44,25
36,72,255,44,25
36,72,255,44,26
36,68,255,26,26
36,68,255,26,25
36,68,255,26,25
36,68,255,26,25
36,68,255,26,25
36,64,255,40,26
36,64,255,43,26
36,64,255,40,24
36,64,255,34,24
36,64,255,34,23
36,60,255,34,23
36,60,255,34,24
36,60,255,34,24
36,60,255,34,24
36,60,255,34,24
36,56,238,30,23
36,56,239,765,23
36,56,237,30,25
36,56,238,30,25
36,56,237,30,23
36,52,208,26,23
36,52,206,26,22
36,52,206,26,22
36,52,205,26,22
36,52,204,26,22
36,48,181,20,23
36,48,182,765,23
36,48,181,20,23
36,48,179,20,23
36,48,180,20,23
36,44,162,20,23
36,44,162,20,25
36,44,161,20,25
36,44,162,20,25
36,44,161,20,25
36,40,125,20,26
36,40,149,765,26
36,40,148,20,22
36,40,150,20,22
36,40,150,20,21
36,36,94,20,21
36,36,96,20,18
36,36,98,20,18
36,36,94,20,17
36,36,98,20,17
36,32,64,20,17
36,32,59,765,17
36,32,62,20,40
36,32,62,20,40
36,32,62,20,41
36,28,48,20,41
36,28,45,20,88
36,28,44,20,88
36,28,44,20,88
36,28,45,20,88
36,24,39,20,88
36,24,35,765,88
36,24,37,20,152
36,24,39,20,152
36,24,38,20,151
36,20,36,20,151
36,20,34,20,193
36,20,36,20,193
36,20,35,20,193
36,20,36,20,193
36,16,39,20,193
36,16,37,765,193
36,16,36,20,205
36,16,35,20,205
36,16,35,20,206
36,12,34,20,206
36,12,37,20,209
36,12,36,20,209
36,12,33,20,210
36,12,33,20,210
36,8,35,20,210
36,8,34,765,210
36,8,36,20,212
36,8,31,20,212
36,8,32,20,212
36,4,33,20,212
36,4,35,20,213
36,4,33,20,213
36,4,33,20,212
36,4,34,20,212
36,0,33,20,213
36,0,35,765,213
36,0,32,20,214
36,0,30,20,214
36,0,36,20,214
40,0,33,20,214
40,0,35,20,214
40,0,33,20,214
40,0,30,20,212
40,0,32,20,212
40,4,35,20,214
40,4,35,765,214
40,4,32,20,214
40,4,34,20,214
40,4,35,20,212
40,8,33,20,212
40,8,31,20,209
40,8,34,20,209
40,8,34,20,211
40,8,33,20,211
40,12,33,20,211
40,12,33,20,211
40,12,36,20,208
40,12,33,20,208
40,12,36,20,209
40,16,36,20,209
40,16,32,20,201
40,16,35,20,201
40,16,34,20,201
40,16,34,20,201
40,20,37,20,202
40,20,37,765,202
40,20,34,20,187
40,20,37,20,187
40,20,38,20,187
40,24,44,20,187
40,24,40,20,146
40,24,39,20,146
40,24,44,20,149
40,24,40,20,149
40,28,54,20,149
40,28,51,20,149
40,28,58,20,85
40,28,53,20,85
40,28,52,20,84
40,32,85,20,84
40,32,86,20,36
40,32,82,20,36
40,32,85,20,36
40,32,84,20,36
40,36,142,20,36
40,36,139,765,36
40,36,144,20,14
40,36,141,20,14
40,36,143,20,15
40,40,164,20,15
40,40,166,20,26
40,40,166,20,26
40,40,166,20,26
40,40,166,20,26
40,44,193,20,25
40,44,192,20,25
40,44,191,20,23
40,44,193,20,23
40,44,192,20,25
40,48,235,22,25
40,48,234,22,22
40,48,236,22,22
40,48,235,22,21
40,48,234,22,21
40,52,255,20,21
40,52,255,765,21
40,52,255,20,21
40,52,255,20,21
40,52,255,20,24
40,56,255,36,24
40,56,255,36,23
40,56,255,36,23
40,56,255,36,23
40,56,255,36,24
40,60,255,32,24
40,60,255,32,26
40,60,255,32,26
40,60,255,32,25
40,60,255,32,25
40,64,255,34,24
40,64,255,36,24
40,64,255,34,26
40,64,255,33,26
40,64,255,34,26
40,68,255,22,26
40,68,255,22,27
40,68,255,22,27
40,68,255,22,26
40,68,255,22,26
40,72,255,22,26
40,72,255,36,26
40,72,255,22,30
40,72,255,22,30
40,72,255,22,29
40,76,255,25,29
40,76,255,25,27
40,76,255,25,27
40,76,255,25,28
40,76,255,25,28
40,80,255,26,27
40,80,255,765,27
40,80,255,26,29
40,80,255,26,29
40,80,255,26,28
40,84,255,37,28
40,84,255,37,26
40,84,255,37,26
40,84,255,37,25
40,84,255,37,25
40,88,255,765,27
40,88,255,82,27
40,88,255,765,27
40,88,255,83,27
40,88,255,83,27
40,92,255,39,27
40,92,255,39,32
40,92,255,39,32
40,92,255,38,33
40,92,255,39,33
40,96,255,42,34
40,96,255,41,34
40,96,255,42,34
40,96,255,42,34
40,96,255,42,34
40,100,224,765,34
40,100,223,765,53
40,100,223,765,53
40,100,225,765,53
40,100,225,765,53
40,104,163,207,53
40,104,167,207,53
40,104,162,207,117
40,104,165,207,117
40,104,165,207,120
40,108,103,210,120
40,108,103,209,201
40,108,105,209,201
40,108,102,209,201
40,108,105,209,201
40,112,66,20,202
40,112,68,21,202
40,112,66,20,213
40,112,67,20,213
40,112,66,20,214
40,116,50,20,214
40,116,49,20,214
40,116,49,20,214
40,116,49,20,215
40,116,50,20,215
40,120,41,20,214
40,120,42,20,214
40,120,40,20,216
40,120,41,20,216
40,120,39,20,216
44,120,43,20,216
44,120,44,20,215
44,120,44,20,215
44,120,46,20,215
44,120,47,20,215
44,116,56,20,214
44,116,59,20,214
44,116,58,20,212
44,116,57,20,212
44,116,56,20,213
44,112,89,20,213
44,112,88,20,211
44,112,89,20,211
44,112,89,20,212
44,112,89,20,212
44,108,152,22,211
44,108,149,765,211
44,108,149,22,197
44,108,152,22,197
44,108,151,22,198
44,104,234,207,198
44,104,231,207,137
44,104,235,207,137
44,104,232,207,138
44,104,234,207,138
44,100,255,765,137
44,100,255,765,137
44,100,255,765,58
44,100,255,765,58
44,100,255,765,58
44,96,255,320,58
44,96,255,319,36
44,96,255,320,36
44,96,255,320,35
44,96,255,320,35
44,92,255,26,37
44,92,255,26,37
44,92,255,26,29
44,92,255,26,29
44,92,255,26,31
44,88,255,37,31
44,88,255,37,26
44,88,255,37,26
44,88,255,37,28
44,88,255,37,28
44,84,255,38,26
44,84,255,38,26
44,84,255,38,28
44,84,255,38,28
44,84,255,38,27
44,80,255,36,27
44,80,255,36,29
44,80,255,36,29
44,80,255,36,30
44,80,255,36,30
44,76,255,28,31
44,76,255,765,31
44,76,255,28,32
44,76,255,28,32
44,76,255,29,33
44,72,255,29,33
44,72,255,28,31
44,72,255,28,31
44,72,255,28,31
44,72,255,29,31
44,68,255,27,32
44,68,255,42,32
44,68,255,27,31
44,68,255,27,31
44,68,255,27,32
44,64,255,29,32
44,64,255,29,32
44,64,255,29,32
44,64,255,29,31
44,64,255,29,31
44,60,255,37,31
44,60,255,765,31
44,60,255,37,30
44,60,255,37,30
44,60,255,37,31
44,56,255,38,31
44,56,255,38,27
44,56,255,38,27
44,56,255,38,27
44,56,255,38,27
44,52,255,28,28
44,52,255,43,28
44,52,255,28,24
44,52,255,28,24
44,52,255,28,24
44,48,255,20,24
44,48,255,20,23
44,48,255,20,23
44,48,255,20,23
44,48,255,20,23
44,44,255,20,23
44,44,255,765,23
44,44,255,20,23
44,44,255,20,23
44,44,255,20,22
44,40,206,20,22
44,40,206,20,25
44,40,204,20,25
44,40,205,20,24
44,40,206,20,24
44,36,169,20,25
44,36,169,20,25
44,36,169,20,17
44,36,171,20,17
44,36,170,20,18
44,32,133,20,18
44,32,128,20,26
44,32,128,20,26
44,32,130,20,25
44,32,128,20,25
44,28,77,20,26
44,28,75,20,26
44,28,72,20,77
44,28,71,20,77
44,28,68,20,77
44,24,45,20,77
44,24,47,20,130
44,24,48,20,130
44,24,46,20,133
44,24,46,20,133
44,20,40,20,131
44,20,39,20,131
44,20,40,20,173
44,20,39,20,173
44,20,36,20,173
44,16,35,20,173
44,16,34,20,197
44,16,35,20,197
44,16,40,20,197
44,16,36,20,197
44,12,34,20,198
44,12,36,20,198
44,12,36,20,205
44,12,31,20,205
44,12,35,20,205
44,8,32,20,205
44,8,34,20,208
44,8,36,20,208
44,8,34,20,208
44,8,34,20,208
44,4,31,20,208
44,4,36,20,208
44,4,32,20,211
44,4,33,20,211
44,4,34,20,210
44,0,33,20,210
44,0,35,20,212
44,0,33,20,212
44,0,35,20,212
44,0,31,20,212
48,0,31,20,212
48,0,34,765,212
48,0,35,20,212
48,0,33,20,212
48,0,33,20,210
48,4,34,20,210
48,4,35,20,209
48,4,34,20,209
48,4,37,20,211
48,4,35,20,211
48,8,38,20,208
48,8,34,765,208
48,8,35,20,203
48,8,34,20,203
48,8,34,20,203
48,12,34,20,203
48,12,31,20,189
48,12,34,20,189
48,12,33,20,189
48,12,32,20,189
48,16,38,20,190
48,16,38,765,190
48,16,34,20,184
48,16,37,20,184
48,16,37,20,183
48,20,41,20,183
48,20,39,20,161
48,20,39,20,161
48,20,40,20,160
48,20,39,20,160
48,24,51,20,160
48,24,51,20,160
48,24,51,20,124
48,24,52,20,124
48,24,49,20,122
48,28,85,20,122
48,28,88,20,77
48,28,86,20,77
48,28,86,20,77
48,28,90,20,77
48,32,164,20,76
48,32,163,765,76
48,32,163,20,24
48,32,164,20,24
48,32,162,20,24
48,36,194,20,24
48,36,192,20,16
48,36,193,20,16
48,36,193,20,18
48,36,192,20,18
48,40,255,20,19
48,40,255,20,19
48,40,255,20,26
48,40,255,20,26
48,40,255,20,25
48,44,255,20,25
48,44,255,20,22
48,44,255,20,22
48,44,255,20,24
48,44,255,20,24
48,48,255,20,23
48,48,255,20,23
48,48,255,20,22
48,48,255,20,22
48,48,255,20,23
48,52,255,33,23
48,52,255,33,23
48,52,255,33,23
48,52,255,33,23
48,52,255,33,23
48,56,255,28,25
48,56,255,765,25
48,56,255,28,26
48,56,255,28,26
48,56,255,28,27
48,60,255,28,27
48,60,255,28,29
48,60,255,28,29
48,60,255,28,30
48,60,255,28,30
48,64,255,41,30
48,64,255,45,30
48,64,255,41,32
48,64,255,41,32
48,64,255,41,32
48,68,255,43,32
48,68,255,43,33
48,68,255,43,33
48,68,255,43,32
48,68,255,43,32
48,72,255,39,32
48,72,255,765,32
48,72,255,39,30
48,72,255,39,30
48,72,255,39,30
48,76,255,36,31
48,76,255,765,31
48,76,255,36,31
48,76,255,36,31
48,76,255,36,33
48,80,255,35,33
48,80,255,35,29
48,80,255,35,29
48,80,255,35,30
48,80,255,35,30
48,84,255,23,29
48,84,255,38,29
48,84,255,23,30
48,84,255,23,30
48,84,255,23,29
48,88,255,765,29
48,88,255,765,28
48,88,255,765,28
48,88,255,765,25
48,88,255,765,25
48,92,255,765,27
48,92,255,765,27
48,92,255,320,30
48,92,255,320,30
48,92,255,320,29
48,96,255,320,29
48,96,255,765,35
48,96,255,765,35
48,96,255,765,34
48,96,255,321,34
48,100,255,765,36
48,100,255,765,36
48,100,255,765,51
48,100,255,765,51
48,100,255,765,52
48,104,255,765,52
48,104,255,765,120
48,104,255,765,120
48,104,255,765,121
48,104,255,765,121
48,108,245,22,122
48,108,243,22,122
48,108,245,22,188
48,108,244,22,188
48,108,244,22,187
48,112,142,20,187
48,112,138,20,209
48,112,141,20,209
48,112,141,20,210
48,112,139,20,210
48,116,80,20,208
48,116,75,20,208
48,116,79,20,214
48,116,81,20,214
48,116,78,20,214
48,120,53,20,214
48,120,52,20,214
48,120,52,20,214
48,120,57,20,216
48,120,53,20,216
52,120,60,20,215
52,120,62,20,215
52,120,63,20,215
52,120,62,20,215
52,120,64,20,214
52,116,94,20,214
52,116,93,20,214
52,116,93,20,214
52,116,97,20,212
52,116,94,20,212
52,112,179,20,213
52,112,177,20,213
52,112,178,20,209
52,112,177,20,209
52,112,179,20,208
52,108,255,20,208
52,108,255,20,180
52,108,255,20,180
52,108,255,20,182
52,108,255,20,182
52,104,255,21,182
52,104,255,21,182
52,104,255,21,139
52,104,255,21,139
52,104,255,21,139
52,100,255,35,139
52,100,255,35,57
52,100,255,35,57
52,100,255,35,57
52,100,255,35,57
52,96,255,34,57
52,96,255,34,57
52,96,255,34,37
52,96,255,34,37
52,96,255,34,35
52,92,255,36,35
52,92,255,36,27
52,92,255,36,27
52,92,255,36,29
52,92,255,36,29
52,88,255,765,29
52,88,255,765,29
52,88,255,765,28
52,88,255,111,28
52,88,255,765,28
52,84,255,242,28
52,84,255,242,33
52,84,255,242,33
52,84,255,243,32
52,84,255,243,32
52,80,255,25,32
52,80,255,765,32
52,80,255,25,33
52,80,255,25,33
52,80,255,25,34
52,76,255,23,34
52,76,255,23,32
52,76,255,23,32
52,76,255,23,32
52,76,255,23,32
52,72,255,22,33
52,72,255,240,33
52,72,255,23,32
52,72,255,23,32
52,72,255,22,32
52,68,255,25,32
52,68,255,25,34
52,68,255,25,34
52,68,255,25,33
52,68,255,25,33
52,64,255,42,32
52,64,255,765,32
52,64,255,42,31
52,64,255,42,31
52,64,255,42,32
52,60,255,34,32
52,60,255,34,33
52,60,255,34,33
52,60,255,33,33
52,60,255,33,33
52,56,255,30,33
52,56,255,33,33
52,56,255,30,28
52,56,255,30,28
52,56,255,30,27
52,52,255,32,27
52,52,255,32,26
52,52,255,32,26
52,52,255,32,26
52,52,255,32,26
52,48,255,20,26
52,48,255,765,26
52,48,255,20,23
52,48,255,20,23
52,48,255,20,23
52,44,255,20,23
52,44,255,20,23
52,44,255,20,23
52,44,255,20,22
52,44,255,20,22
52,40,255,20,23
52,40,255,20,23
52,40,255,20,23
52,40,255,20,23
52,40,255,20,24
52,36,245,20,24
52,36,245,20,24
52,36,245,20,24
52,36,246,20,24
52,36,244,20,24
52,32,185,20,22
52,32,184,20,22
52,32,183,20,24
52,32,185,20,24
52,32,183,20,24
52,28,118,20,24
52,28,118,20,66
52,28,120,20,66
52,28,115,20,67
52,28,119,20,67
52,24,59,20,67
52,24,63,20,67
52,24,62,20,112
52,24,61,20,112
52,24,59,20,111
52,20,46,20,111
52,20,49,20,131
52,20,46,20,131
52,20,49,20,133
52,20,43,20,133
52,16,38,20,132
52,16,38,20,132
52,16,39,20,128
52,16,38,20,128
52,16,37,20,129
52,12,34,20,129
52,12,36,20,120
52,12,34,20,120
52,12,36,20,119
52,12,37,20,119
52,8,33,20,119
52,8,34,765,119
52,8,35,20,154
52,8,36,20,154
52,8,36,20,153
52,4,34,20,153
52,4,33,20,197
52,4,35,20,197
52,4,34,20,197
52,4,34,20,197
52,0,31,20,197
52,0,33,765,197
52,0,33,20,210
52,0,32,20,210
52,0,35,20,208
56,0,33,20,208
56,0,37,20,209
56,0,33,20,209
56,0,35,20,208
56,0,35,20,208
56,4,35,20,208
56,4,38,765,208
56,4,31,20,183
56,4,32,20,183
56,4,32,20,183
56,8,35,20,183
56,8,35,20,122
56,8,35,20,122
56,8,35,20,123
56,8,36,20,123
56,12,38,20,122
56,12,37,20,122
56,12,34,20,97
56,12,36,20,97
56,12,35,20,93
56,16,40,20,93
56,16,43,20,81
56,16,38,20,81
56,16,40,20,81
56,16,38,20,81
56,20,44,20,80
56,20,47,765,80
56,20,48,20,114
56,20,51,20,114
56,20,48,20,114
56,24,65,20,114
56,24,64,20,105
56,24,65,20,105
56,24,65,20,106
56,24,67,20,106
56,28,139,20,105
56,28,136,20,105
56,28,138,20,70
56,28,132,20,70
56,28,134,20,71
56,32,199,20,71
56,32,200,20,29
56,32,199,20,29
56,32,200,20,29
56,32,199,20,29
56,36,255,20,28
56,36,255,20,28
56,36,255,20,22
56,36,255,20,22
56,36,255,20,22
56,40,255,20,22
56,40,255,20,25
56,40,255,20,25
56,40,255,20,25
56,40,255,20,25
56,44,255,20,23
56,44,255,20,23
56,44,255,20,21
56,44,255,20,21
56,44,255,20,21
56,48,255,20,21
56,48,255,20,22
56,48,255,20,22
56,48,255,20,21
56,48,255,20,21
56,52,255,33,20
56,52,255,765,20
56,52,255,33,20
56,52,255,33,20
56,52,255,33,20
56,56,255,34,20
56,56,255,34,25
56,56,255,34,25
56,56,255,34,26
56,56,255,34,26
56,60,255,38,26
56,60,255,40,26
56,60,255,38,31
56,60,255,38,31
56,60,255,38,31
56,64,255,28,31
56,64,255,28,32
56,64,255,28,32
56,64,255,28,33
56,64,255,28,33
56,68,255,43,32
56,68,255,765,32
56,68,255,43,31
56,68,255,43,31
56,68,255,43,31
56,72,255,42,31
56,72,255,42,31
56,72,255,42,31
56,72,255,42,31
56,72,255,42,31
56,76,255,195,31
56,76,255,765,31
56,76,255,195,32
56,76,255,195,32
56,76,255,195,33
56,80,255,240,33
56,80,255,198,29
56,80,255,196,29
56,80,255,114,30
56,80,255,240,30
56,84,255,35,30
56,84,255,765,30
56,84,255,35,27
56,84,255,35,27
56,84,255,35,28
56,88,255,33,28
56,88,255,33,26
56,88,255,33,26
56,88,255,33,28
56,88,255,33,28
56,92,255,34,28
56,92,255,35,28
56,92,255,34,29
56,92,255,34,29
56,92,255,34,28
56,96,255,35,28
56,96,255,35,34
56,96,255,35,34
56,96,255,35,35
56,96,255,35,35
56,100,255,765,34
56,100,255,765,34
56,100,255,765,49
56,100,255,765,49
56,100,255,765,49
56,104,255,21,49
56,104,255,21,121
56,104,255,21,121
56,104,255,21,121
56,104,255,21,121
56,108,255,20,120
56,108,255,20,120
56,108,255,20,168
56,108,255,20,168
56,108,255,20,169
56,112,255,20,169
56,112,255,20,206
56,112,255,20,206
56,112,255,20,206
56,112,255,20,206
56,116,125,20,206
56,116,127,20,206
56,116,124,20,212
56,116,125,20,212
56,116,127,20,214
56,120,76,20,214
56,120,74,20,214
56,120,74,20,214
56,120,73,20,214
56,120,73,20,214
60,120,87,20,213
60,120,87,20,213
60,120,88,20,213
60,120,87,20,213
60,120,87,20,213
60,116,133,20,215
60,116,134,20,215
60,116,140,20,212
60,116,137,20,212
60,116,135,20,211
60,112,255,20,211
60,112,255,20,206
60,112,255,20,206
60,112,255,20,207
60,112,255,20,207
60,108,255,20,207
60,108,255,20,207
60,108,255,20,171
60,108,255,20,171
60,108,255,20,171
60,104,255,20,171
60,104,255,20,124
60,104,255,20,124
60,104,255,20,125
60,104,255,20,125
60,100,255,21,123
60,100,255,765,123
60,100,255,21,51
60,100,255,21,51
60,100,255,21,52
60,96,255,765,52
60,96,255,765,36
60,96,255,765,36
60,96,255,765,34
60,96,255,765,34
60,92,255,35,36
60,92,255,765,36
60,92,255,35,29
60,92,255,35,29
60,92,255,35,29
60,88,255,33,29
60,88,255,33,27
60,88,255,33,27
60,88,255,33,28
60,88,255,33,28
60,84,255,34,27
60,84,255,765,27
60,84,255,34,28
60,84,255,34,28
60,84,255,34,28
60,80,255,33,28
60,80,255,33,31
60,80,255,33,31
60,80,255,33,34
60,80,255,33,34
60,76,255,34,33
60,76,255,765,33
60,76,255,34,29
60,76,255,34,29
60,76,255,34,33
60,72,255,30,33
60,72,255,30,33
60,72,255,30,33
60,72,255,30,32
60,72,255,30,32
60,68,255,35,31
60,68,255,63,31
60,68,255,35,31
60,68,255,35,31
60,68,255,35,33
60,64,255,28,33
60,64,255,28,32
60,64,255,28,32
60,64,255,28,32
60,64,255,28,32
60,60,255,28,32
60,60,255,765,32
60,60,255,28,31
60,60,255,29,31
60,60,255,28,32
60,56,255,41,32
60,56,255,41,28
60,56,255,41,28
60,56,255,41,26
60,56,255,41,26
60,52,255,24,28
60,52,255,765,28
60,52,255,24,25
60,52,255,24,25
60,52,255,24,26
60,48,255,20,26
60,48,255,20,23
60,48,255,20,23
60,48,255,20,24
60,48,255,20,24
60,44,255,20,23
60,44,255,20,23
60,44,255,20,22
60,44,255,20,22
60,44,255,20,22
60,40,255,20,22
60,40,255,20,23
60,40,255,20,23
60,40,255,20,23
60,40,255,20,23
60,36,255,20,23
60,36,255,20,23
60,36,255,20,24
60,36,255,20,24
60,36,255,20,23
60,32,238,20,23
60,32,239,20,24
60,32,237,20,24
60,32,238,20,23
60,32,238,20,23
60,28,173,20,25
60,28,174,20,25
60,28,175,20,66
60,28,173,20,66
60,28,172,20,67
60,24,77,20,67
60,24,78,20,122
60,24,75,20,122
60,24,80,20,122
60,24,75,20,122
60,20,57,20,121
60,20,57,20,121
60,20,55,20,118
60,20,54,20,118
60,20,54,20,118
60,16,42,20,118
60,16,41,20,95
60,16,44,20,95
60,16,41,20,96
60,16,41,20,96
60,12,41,20,96
60,12,38,765,96
60,12,38,20,80
60,12,35,20,80
60,12,38,20,83
60,8,36,20,83
60,8,34,20,132
60,8,37,20,132
60,8,35,20,132
60,8,37,20,132
60,4,34,20,133
60,4,34,765,133
60,4,34,20,192
60,4,36,20,192
60,4,35,20,192
60,0,36,20,192
60,0,33,20,209
60,0,35,20,209
60,0,35,20,209
60,0,34,20,209
64,0,36,20,209
64,0,32,20,209
64,0,32,20,210
64,0,32,20,210
64,0,34,20,211
64,4,36,20,211
64,4,33,20,207
64,4,33,20,207
64,4,34,20,207
64,4,35,20,207
64,8,36,20,208
64,8,35,765,208
64,8,35,20,191
64,8,36,20,191
64,8,36,20,192
64,12,39,20,192
64,12,40,20,162
64,12,40,20,162
64,12,39,20,161
64,12,40,20,161
64,16,46,20,163
64,16,45,20,163
64,16,46,20,160
64,16,44,20,160
64,16,48,20,162
64,20,55,20,162
64,20,55,20,144
64,20,55,20,144
64,20,54,20,146
64,20,58,20,146
64,24,83,20,147
64,24,84,765,147
64,24,82,20,128
64,24,81,20,128
64,24,82,20,131
64,28,177,20,131
64,28,176,20,77
64,28,179,20,77
64,28,178,20,77
64,28,175,20,77
64,32,255,20,78
64,32,252,20,78
64,32,253,20,26
64,32,255,20,26
64,32,253,20,27
64,36,255,20,27
64,36,255,20,17
64,36,255,20,17
64,36,255,20,21
64,36,255,20,21
64,40,255,20,18
64,40,255,765,18
64,40,255,20,26
64,40,255,20,26
64,40,255,20,25
64,44,255,20,25
64,44,255,20,23
64,44,255,20,23
64,44,255,20,22
64,44,255,20,22
64,48,255,20,21
64,48,255,20,21
64,48,255,20,22
64,48,255,20,22
64,48,255,20,23
64,52,255,20,23
64,52,255,20,23
64,52,255,20,23
64,52,255,20,24
64,52,255,20,24
64,56,255,23,23
64,56,255,39,23
64,56,255,23,26
64,56,255,23,26
64,56,255,23,26
64,60,255,23,26
64,60,255,23,30
64,60,255,23,30
64,60,255,23,27
64,60,255,23,27
64,64,255,25,29
64,64,255,765,29
64,64,255,25,28
64,64,255,25,28
64,64,255,25,28
64,68,255,25,28
64,68,255,25,28
64,68,255,25,28
64,68,255,25,28
64,68,255,25,28
64,72,255,26,29
64,72,255,765,29
64,72,255,26,27
64,72,255,26,27
64,72,255,26,27
64,76,255,35,27
64,76,255,35,27
64,76,255,35,27
64,76,255,35,28
64,76,255,35,28
64,80,255,36,28
64,80,255,38,28
64,80,255,36,26
64,80,255,36,26
64,80,255,36,27
64,84,255,35,27
64,84,255,35,27
64,84,255,35,27
64,84,255,34,27
64,84,255,34,27
64,88,255,34,28
64,88,255,36,28
64,88,255,34,29
64,88,255,34,29
64,88,255,34,28
64,92,255,22,28
64,92,255,22,29
64,92,255,22,29
64,92,255,22,30
64,92,255,22,30
64,96,255,21,31
64,96,255,765,31
64,96,255,20,36
64,96,255,20,36
64,96,255,20,36
64,100,255,20,36
64,100,255,20,51
64,100,255,20,51
64,100,255,20,50
64,100,255,20,50
64,104,255,20,49
64,104,255,20,49
64,104,255,20,106
64,104,255,20,106
64,104,255,20,108
64,108,255,20,108
64,108,255,20,167
64,108,255,20,167
64,108,255,20,167
64,108,255,20,167
64,112,255,20,166
64,112,255,20,166
64,112,255,20,205
64,112,255,20,205
64,112,255,20,205
64,116,171,20,205
64,116,170,20,212
64,116,170,20,212
64,116,170,20,212
64,116,171,20,212
64,120,103,20,211
64,120,103,20,211
64,120,104,20,214
64,120,103,20,214
64,120,103,20,214
68,120,120,21,214
68,120,116,21,213
68,120,119,21,213
68,120,119,21,214
68,120,118,21,214
68,116,175,20,215
68,116,175,20,215
68,116,174,20,211
68,116,176,20,211
68,116,174,20,211
68,112,255,20,211
68,112,255,20,206
68,112,255,20,206
68,112,255,20,207
68,112,255,20,207
68,108,255,20,207
68,108,255,765,207
68,108,255,20,183
68,108,255,20,183
68,108,255,20,183
68,104,255,20,183
68,104,255,20,119
68,104,255,20,119
68,104,255,20,119
68,104,255,20,119
68,100,255,20,119
68,100,255,20,119
68,100,255,20,55
68,100,255,20,55
68,100,255,20,55
68,96,255,20,55
68,96,255,20,36
68,96,255,20,36
68,96,255,20,38
68,96,255,20,38
68,92,255,20,38
68,92,255,20,38
68,92,255,20,30
68,92,255,20,30
68,92,255,20,31
68,88,255,20,31
68,88,255,20,29
68,88,255,20,29
68,88,255,20,29
68,88,255,20,29
68,84,255,20,29
68,84,255,20,29
68,84,255,20,28
68,84,255,20,28
68,84,255,20,27
68,80,255,21,27
68,80,255,21,27
68,80,255,21,27
68,80,255,21,26
68,80,255,21,26
68,76,255,22,27
68,76,255,35,27
68,76,255,22,28
68,76,255,22,28
68,76,255,22,27
68,72,255,23,27
68,72,255,23,26
68,72,255,23,26
68,72,255,23,26
68,72,255,23,26
68,68,255,23,26
68,68,255,29,26
68,68,255,23,27
68,68,255,24,27
68,68,255,24,30
68,64,255,22,30
68,64,255,22,28
68,64,255,22,28
68,64,255,22,28
68,64,255,22,28
68,60,255,21,28
68,60,255,765,28
68,60,255,21,27
68,60,255,21,27
68,60,255,21,26
68,56,255,20,26
68,56,255,20,25
68,56,255,20,25
68,56,255,20,26
68,56,255,20,26
68,52,255,20,26
68,52,255,20,26
68,52,255,20,24
68,52,255,20,24
68,52,255,20,24
68,48,255,20,24
68,48,255,20,23
68,48,255,20,23
68,48,255,20,24
68,48,255,20,24
68,44,255,20,23
68,44,255,20,23
68,44,255,20,25
68,44,255,20,25
68,44,255,20,25
68,40,255,20,25
68,40,255,20,25
68,40,255,20,25
68,40,255,20,25
68,40,255,20,25
68,36,255,20,28
68,36,255,765,28
68,36,255,20,18
68,36,255,20,18
68,36,255,20,17
68,32,255,20,17
68,32,255,20,32
68,32,255,20,32
68,32,255,20,31
68,32,255,20,31
68,28,196,20,31
68,28,195,765,31
68,28,196,20,74
68,28,195,20,74
68,28,196,20,74
68,24,95,20,74
68,24,96,20,128
68,24,97,20,128
68,24,97,20,126
68,24,95,20,126
68,20,62,20,130
68,20,63,765,130
68,20,62,20,165
68,20,66,20,165
68,20,64,20,167
68,16,51,20,167
68,16,53,20,193
68,16,53,20,193
68,16,54,20,192
68,16,54,20,192
68,12,45,20,193
68,12,44,20,193
68,12,45,20,198
68,12,44,20,198
68,12,46,20,200
68,8,39,20,200
68,8,41,20,205
68,8,41,20,205
68,8,41,20,205
68,8,39,20,205
68,4,39,20,206
68,4,35,765,206
68,4,35,20,208
68,4,36,20,208
68,4,38,20,209
68,0,36,20,209
68,0,35,20,210
68,0,35,20,210
68,0,34,20,210
68,0,36,20,210
72,0,35,20,210
72,0,31,765,210
72,0,36,20,210
72,0,36,20,210
72,0,35,20,211
72,4,39,20,211
72,4,38,20,209
72,4,38,20,209
72,4,36,20,210
72,4,36,20,210
72,8,45,20,211
72,8,41,765,211
72,8,42,20,208
72,8,39,20,208
72,8,41,20,206
72,12,46,20,206
72,12,47,20,204
72,12,44,20,204
72,12,47,20,203
72,12,50,20,203
72,16,58,20,203
72,16,56,765,203
72,16,59,20,197
72,16,56,20,197
72,16,57,20,197
72,20,68,20,197
72,20,69,20,179
72,20,65,20,179
72,20,68,20,177
72,20,66,20,177
72,24,99,20,177
72,24,98,765,177
72,24,93,20,135
72,24,97,20,135
72,24,97,20,133
72,28,193,20,133
72,28,195,20,83
72,28,192,20,83
72,28,193,20,83
72,28,194,20,83
72,32,255,20,83
72,32,255,20,83
72,32,255,20,33
72,32,255,20,33
72,32,255,20,34
72,36,255,20,34
72,36,255,20,20
72,36,255,20,20
72,36,255,20,21
72,36,255,20,21
72,40,255,20,21
72,40,255,20,21
72,40,255,20,29
72,40,255,20,29
72,40,255,20,30
72,44,255,20,30
72,44,255,20,27
72,44,255,20,27
72,44,255,20,29
72,44,255,20,29
72,48,255,20,28
72,48,255,20,28
72,48,255,20,25
72,48,255,20,25
72,48,255,20,26
72,52,255,20,26
72,52,255,20,25
72,52,255,20,25
72,52,255,20,24
72,52,255,20,24
72,56,255,20,25
72,56,255,20,25
72,56,255,20,24
72,56,255,20,24
72,56,255,20,24
72,60,255,20,24
72,60,255,20,25
72,60,255,20,25
72,60,255,20,21
72,60,255,20,21
72,64,255,20,23
72,64,255,22,23
72,64,255,20,23
72,64,255,20,23
72,64,255,20,24
72,68,255,20,24
72,68,255,20,24
72,68,255,20,24
72,68,255,20,26
72,68,255,20,26
72,72,255,20,26
72,72,255,21,26
72,72,255,20,26
72,72,255,20,26
72,72,255,20,26
72,76,255,20,26
72,76,255,20,27
72,76,255,20,27
72,76,255,20,26
72,76,255,20,26
72,80,255,20,27
72,80,255,20,27
72,80,255,20,26
72,80,255,20,26
72,80,255,20,26
72,84,255,20,26
72,84,255,20,29
72,84,255,20,29
72,84,255,20,27
72,84,255,20,27
72,88,255,20,27
72,88,255,20,27
72,88,255,20,31
72,88,255,20,31
72,88,255,20,33
72,92,255,20,33
72,92,255,20,32
72,92,255,20,32
72,92,255,20,33
72,92,255,20,33
72,96,255,20,33
72,96,255,765,33
72,96,255,20,34
72,96,255,20,34
72,96,255,20,33
72,100,255,20,33
72,100,255,20,53
72,100,255,20,53
72,100,255,20,53
72,100,255,20,53
72,104,255,20,53
72,104,255,765,53
72,104,255,20,98
72,104,255,20,98
72,104,255,20,98
72,108,255,20,98
72,108,255,20,182
72,108,255,20,182
72,108,255,20,183
72,108,255,20,183
72,112,255,20,182
72,112,255,765,182
72,112,255,20,207
72,112,255,20,207
72,112,255,20,207
72,116,202,20,207
72,116,199,20,212
72,116,199,20,212
72,116,198,20,213
72,116,201,20,213
72,120,129,20,213
72,120,131,20,213
72,120,132,20,215
72,120,133,20,215
72,120,129,20,214
76,120,140,20,214
76,120,136,20,215
76,120,136,20,215
76,120,133,20,214
76,120,134,20,214
76,116,196,20,215
76,116,199,765,215
76,116,197,20,212
76,116,201,20,212
76,116,196,20,213
76,112,255,20,213
76,112,255,20,209
76,112,255,20,209
76,112,255,20,209
76,112,255,20,209
76,108,255,20,209
76,108,255,765,209
76,108,255,20,192
76,108,255,20,192
76,108,255,20,192
76,104,255,20,192
76,104,255,20,115
76,104,255,20,115
76,104,255,20,116
76,104,255,20,116
76,100,255,20,115
76,100,255,765,115
76,100,255,20,60
76,100,255,20,60
76,100,255,20,59
76,96,255,20,59
76,96,255,20,42
76,96,255,20,42
76,96,255,20,42
76,96,255,20,42
76,92,255,20,41
76,92,255,765,41
76,92,255,20,35
76,92,255,20,35
76,92,255,20,36
76,88,255,20,36
76,88,255,20,34
76,88,255,20,34
76,88,255,20,33
76,88,255,20,33
76,84,255,20,33
76,84,255,765,33
76,84,255,20,30
76,84,255,20,30
76,84,255,20,31
76,80,255,20,31
76,80,255,20,30
76,80,255,20,30
76,80,255,20,31
76,80,255,20,31
76,76,255,20,29
76,76,255,765,29
76,76,255,20,27
76,76,255,20,27
76,76,255,20,27
76,72,255,20,27
76,72,255,20,26
76,72,255,20,26
76,72,255,20,27
76,72,255,20,27
76,68,255,20,27
76,68,255,765,27
76,68,255,20,25
76,68,255,20,25
76,68,255,20,27
76,64,255,20,27
76,64,255,20,23
76,64,255,20,23
76,64,255,20,23
76,64,255,20,23
76,60,255,20,23
76,60,255,20,23
76,60,255,20,24
76,60,255,20,24
76,60,255,20,24
76,56,255,20,24
76,56,255,20,25
76,56,255,20,25
76,56,255,20,25
76,56,255,20,25
76,52,255,20,26
76,52,255,20,26
76,52,255,20,25
76,52,255,20,25
76,52,255,20,26
76,48,255,20,26
76,48,255,20,27
76,48,255,20,27
76,48,255,20,26
76,48,255,20,26
76,44,255,20,25
76,44,255,20,25
76,44,255,20,29
76,44,255,20,29
76,44,255,20,28
76,40,255,20,28
76,40,255,20,28
76,40,255,20,28
76,40,255,20,26
76,40,255,20,26
76,36,255,20,27
76,36,255,765,27
76,36,255,20,22
76,36,255,20,22
76,36,255,20,22
76,32,255,20,22
76,32,255,20,38
76,32,255,20,38
76,32,255,20,37
76,32,255,20,37
76,28,208,20,37
76,28,206,20,37
76,28,208,20,77
76,28,209,20,77
76,28,205,20,79
76,24,103,20,79
76,24,104,20,130
76,24,104,20,130
76,24,106,20,132
76,24,103,20,132
76,20,72,20,132
76,20,68,765,132
76,20,74,20,182
76,20,75,20,182
76,20,72,20,181
76,16,58,20,181
76,16,55,20,198
76,16,60,20,198
76,16,57,20,199
76,16,57,20,199
76,12,50,20,199
76,12,49,20,199
76,12,48,20,205
76,12,48,20,205
76,12,50,20,204
76,8,47,20,204
76,8,43,20,209
76,8,42,20,209
76,8,46,20,207
76,8,43,20,207
76,4,35,20,208
76,4,37,765,208
76,4,35,20,210
76,4,35,20,210
76,4,35,20,211
76,0,35,20,211
76,0,34,20,212
76,0,36,20,212
76,0,35,20,212
76,0,36,20,212
80,0,38,20,213
80,0,35,765,213
80,0,34,20,212
80,0,33,20,212
80,0,33,20,213
80,4,35,20,213
80,4,34,20,211
80,4,37,20,211
80,4,35,20,210
80,4,42,20,210
80,8,43,20,210
80,8,43,765,210
80,8,42,20,210
80,8,43,20,210
80,8,40,20,211
80,12,50,20,211
80,12,51,20,208
80,12,48,20,208
80,12,49,20,207
80,12,49,20,207
80,16,55,20,207
80,16,55,765,207
80,16,56,20,204
80,16,58,20,204
80,16,54,20,205
80,20,69,20,205
80,20,70,20,190
80,20,68,20,190
80,20,70,20,192
80,20,70,20,192
80,24,99,20,192
80,24,100,765,192
80,24,101,20,157
80,24,99,20,157
80,24,101,20,159
80,28,199,20,159
80,28,199,20,89
80,28,200,20,89
80,28,199,20,89
80,28,200,20,89
80,32,255,20,88
80,32,255,765,88
80,32,255,20,88
80,32,255,20,50
80,32,255,765,50
80,36,255,20,51
80,36,255,765,51
80,36,255,20,33
80,36,255,20,33
80,36,255,20,32
80,40,255,20,32
80,40,255,20,24
80,40,255,20,24
80,40,255,20,25
80,40,255,20,25
80,44,255,20,26
80,44,255,20,26
80,44,255,20,29
80,44,255,20,29
80,44,255,20,28
80,48,255,20,28
80,48,255,20,30
80,48,255,20,30
80,48,255,20,28
80,48,255,20,28
80,52,255,20,30
80,52,255,20,30
80,52,255,20,28
80,52,255,20,28
80,52,255,20,29
80,56,255,20,29
80,56,255,20,29
80,56,255,20,29
80,56,255,20,29
80,56,255,20,29
80,60,255,20,29
80,60,255,20,29
80,60,255,20,29
80,60,255,20,29
80,60,255,20,29
80,64,255,20,29
80,64,255,20,28
80,64,255,20,28
80,64,255,20,28
80,64,255,20,28
80,68,255,20,27
80,68,255,765,27
80,68,255,20,28
80,68,255,20,28
80,68,255,20,27
80,72,255,20,27
80,72,255,20,29
80,72,255,20,29
80,72,255,20,28
80,72,255,20,28
80,76,255,20,29
80,76,255,765,29
80,76,255,20,30
80,76,255,20,30
80,76,255,20,30
80,80,255,20,30
80,80,255,20,33
80,80,255,20,33
80,80,255,20,33
80,80,255,20,33
80,84,255,20,32
80,84,255,765,32
80,84,255,20,34
80,84,255,20,34
80,84,255,20,34
80,88,255,20,34
80,88,255,20,34
80,88,255,20,34
80,88,255,20,36
80,88,255,20,36
80,92,255,20,35
80,92,255,765,35
80,92,255,20,40
80,92,255,20,40
80,92,255,20,41
80,96,255,20,41
80,96,255,20,52
80,96,255,20,52
80,96,255,20,52
80,96,255,20,52
80,100,255,20,52
80,100,255,765,52
80,100,255,20,73
80,100,255,20,73
80,100,255,20,73
80,104,255,20,73
80,104,255,20,133
80,104,255,20,133
80,104,255,20,132
80,104,255,20,132
80,108,255,20,132
80,108,255,765,132
80,108,255,20,198
80,108,255,20,198
80,108,255,20,198
80,112,255,20,198
80,112,255,20,210
80,112,255,20,210
80,112,255,20,210
80,112,255,20,210
80,116,215,20,211
80,116,214,765,211
80,116,210,20,214
80,116,211,20,214
80,116,212,20,214
80,120,136,20,214
80,120,138,20,216
80,120,137,20,216
80,120,136,20,214
80,120,135,20,214
84,120,127,20,215
84,120,130,765,215
84,120,130,20,216
84,120,129,20,216
84,120,132,20,214
84,116,200,20,214
84,116,200,20,214
84,116,197,20,214
84,116,196,20,214
84,116,199,20,214
84,112,255,20,214
84,112,255,765,214
84,112,255,20,213
84,112,255,20,213
84,112,255,20,212
84,108,255,20,212
84,108,255,20,206
84,108,255,20,206
84,108,255,20,207
84,108,255,20,207
84,104,255,20,208
84,104,255,765,208
84,104,255,20,183
84,104,255,20,183
84,104,255,20,182
84,100,255,20,182
84,100,255,20,111
84,100,255,20,111
84,100,255,20,114
84,100,255,20,114
84,96,255,20,114
84,96,255,20,114
84,96,255,20,70
84,96,255,20,70
84,96,255,20,69
84,92,255,20,69
84,92,255,20,54
84,92,255,20,54
84,92,255,20,53
84,92,255,20,53
84,88,255,20,54
84,88,255,765,54
84,88,255,20,41
84,88,255,20,41
84,88,255,20,41
84,84,255,20,41
84,84,255,20,32
84,84,255,20,32
84,84,255,20,31
84,84,255,20,31
84,80,255,20,32
84,80,255,765,32
84,80,255,20,34
84,80,255,20,34
84,80,255,20,36
84,76,255,20,36
84,76,255,20,34
84,76,255,20,34
84,76,255,20,33
84,76,255,20,33
84,72,255,20,35
84,72,255,765,35
84,72,255,20,31
84,72,255,20,31
84,72,255,20,32
84,68,255,20,32
84,68,255,20,31
84,68,255,20,31
84,68,255,20,32
84,68,255,20,32
84,64,255,20,30
84,64,255,765,30
84,64,255,20,31
84,64,255,20,31
84,64,255,20,31
84,60,255,20,31
84,60,255,20,31
84,60,255,20,31
84,60,255,20,31
84,60,255,20,31
84,56,255,20,32
84,56,255,765,32
84,56,255,20,30
84,56,255,20,30
84,56,255,20,32
84,52,255,20,32
84,52,255,20,32
84,52,255,20,32
84,52,255,20,33
84,52,255,20,33
84,48,255,20,31
84,48,255,20,31
84,48,255,20,26
84,48,255,20,26
84,48,255,20,31
84,44,255,20,31
84,44,255,20,26
84,44,255,20,26
84,44,255,20,26
84,44,255,20,26
84,40,255,20,26
84,40,255,20,26
84,40,255,20,33
84,40,255,20,33
84,40,255,20,33
84,36,255,20,33
84,36,255,20,33
84,36,255,20,39
84,36,255,20,39
84,36,255,20,38
84,32,255,20,38
84,32,255,20,62
84,32,255,20,62
84,32,255,20,62
84,32,255,20,62
84,28,210,20,62
84,28,211,765,62
84,28,210,20,105
84,28,210,20,105
84,28,208,20,104
84,24,110,20,104
84,24,109,20,162
84,24,106,20,162
84,24,110,20,161
84,24,105,20,161
84,20,66,20,161
84,20,70,20,161
84,20,71,20,197
84,20,68,20,197
84,20,67,20,198
84,16,56,20,198
84,16,56,20,205
84,16,54,20,205
84,16,59,20,206
84,16,56,20,206
84,12,45,20,207
84,12,48,765,207
84,12,49,20,209
84,12,45,20,209
84,12,48,20,210
84,8,41,20,210
84,8,39,20,211
84,8,42,20,211
84,8,41,20,210
84,8,43,20,210
84,4,37,20,211
84,4,35,765,211
84,4,35,20,212
84,4,37,20,212
84,4,39,20,212
84,0,36,20,212
84,0,36,20,213
84,0,37,20,213
84,0,36,20,213
84,0,34,20,213
88,0,36,20,215
88,0,36,765,215
88,0,35,20,214
88,0,35,20,214
88,0,36,20,215
88,4,34,20,215
88,4,36,20,215
88,4,35,20,215
88,4,36,20,215
88,4,33,20,215
88,8,39,20,215
88,8,38,20,215
88,8,38,20,212
88,8,39,20,212
88,8,39,20,213
88,12,40,20,213
88,12,43,20,211
88,12,42,20,211
88,12,41,20,212
88,12,43,20,212
88,16,47,20,210
88,16,49,20,210
88,16,48,20,208
88,16,50,20,208
88,16,49,20,209
88,20,59,20,209
88,20,61,20,205
88,20,58,20,205
88,20,61,20,203
88,20,63,20,203
88,24,91,20,205
88,24,86,765,205
88,24,90,20,188
88,24,89,20,188
88,24,88,20,188
88,28,189,20,188
88,28,189,20,139
88,28,189,20,139
88,28,188,20,140
88,28,189,20,140
88,32,255,20,139
88,32,255,765,139
88,32,255,20,89
88,32,255,20,89
88,32,255,20,89
88,36,255,20,89
88,36,255,20,62
88,36,255,20,62
88,36,255,20,62
88,36,255,20,62
88,40,255,20,61
88,40,255,765,61
88,40,255,20,45
88,40,255,20,45
88,40,255,20,44
88,44,255,20,44
88,44,255,20,40
88,44,255,20,40
88,44,255,20,40
88,44,255,20,40
88,48,255,20,40
88,48,255,765,40
88,48,255,20,34
88,48,255,20,34
88,48,255,20,34
88,52,255,20,34
88,52,255,20,30
88,52,255,20,30
88,52,255,20,31
88,52,255,20,31
88,56,255,20,31
88,56,255,765,31
88,56,255,20,30
88,56,255,20,30
88,56,255,20,30
88,60,255,20,30
88,60,255,20,29
88,60,255,20,29
88,60,255,20,31
88,60,255,20,31
88,64,255,20,30
88,64,255,765,30
88,64,255,20,28
88,64,255,20,28
88,64,255,20,30
88,68,255,20,30
88,68,255,20,32
88,68,255,20,32
88,68,255,20,32
88,68,255,20,32
88,72,255,20,32
88,72,255,765,32
88,72,255,20,34
88,72,255,20,34
88,72,255,20,34
88,76,255,20,34
88,76,255,20,36
88,76,255,20,36
88,76,255,20,37
88,76,255,20,37
88,80,255,20,37
88,80,255,765,37
88,80,255,20,40
88,80,255,20,40
88,80,255,20,41
88,84,255,20,41
88,84,255,20,51
88,84,255,20,51
88,84,255,20,49
88,84,255,20,49
88,88,255,20,49
88,88,255,765,49
88,88,255,20,58
88,88,255,20,58
88,88,255,20,59
88,92,255,20,59
88,92,255,20,77
88,92,255,20,77
88,92,255,20,78
88,92,255,20,78
88,96,255,20,78
88,96,255,765,78
88,96,255,20,114
88,96,255,20,114
88,96,255,20,114
88,100,255,20,114
88,100,255,20,114
88,100,255,20,167
88,100,255,20,167
88,100,255,20,167
88,104,255,20,167
88,104,255,20,203
88,104,255,20,203
88,104,255,20,203
88,104,255,20,203
88,108,255,20,203
88,108,255,765,203
88,108,255,20,211
88,108,255,20,211
88,108,255,20,211
88,112,255,20,211
88,112,255,20,213
88,112,255,20,213
88,112,255,20,213
88,112,255,20,213
88,116,205,20,213
88,116,207,765,213
88,116,205,20,214
88,116,204,20,214
88,116,207,20,215
88,120,123,20,215
88,120,122,20,214
88,120,122,20,214
88,120,121,20,215
88,120,119,20,215
92,120,108,20,215
92,120,110,765,215
92,120,107,20,216
92,120,109,20,216
92,120,106,20,216
92,116,177,20,216
92,116,177,20,216
92,116,177,20,216
92,116,178,20,216
92,116,176,20,216
92,112,255,20,215
92,112,255,765,215
92,112,255,20,213
92,112,255,20,213
92,112,255,20,214
92,108,255,20,214
92,108,255,20,213
92,108,255,20,213
92,108,255,20,212
92,108,255,20,212
92,104,255,20,213
92,104,255,765,213
92,104,255,20,211
92,104,255,20,211
92,104,255,20,212
92,100,255,20,212
92,100,255,20,206
92,100,255,20,206
92,100,255,20,205
92,100,255,20,205
92,96,255,20,206
92,96,255,765,206
92,96,255,20,180
92,96,255,20,180
92,96,255,20,180
92,92,255,20,180
92,92,255,20,138
92,92,255,20,138
92,92,255,20,133
92,92,255,20,133
92,88,255,20,137
92,88,255,765,137
92,88,255,20,100
92,88,255,20,100
92,88,255,20,101
92,84,255,20,101
92,84,255,20,77
92,84,255,20,77
92,84,255,20,75
92,84,255,20,75
92,80,255,20,77
92,80,255,765,77
92,80,255,20,60
92,80,255,20,60
92,80,255,20,60
92,76,255,20,60
92,76,255,20,55
92,76,255,20,55
92,76,255,20,54
92,76,255,20,54
92,72,255,20,53
92,72,255,765,53
92,72,255,20,48
92,72,255,20,48
92,72,255,20,49
92,68,255,20,49
92,68,255,20,43
92,68,255,20,43
92,68,255,20,44
92,68,255,20,44
92,64,255,20,43
92,64,255,765,43
92,64,255,20,40
92,64,255,20,40
92,64,255,20,39
92,60,255,20,39
92,60,255,20,38
92,60,255,20,38
92,60,255,20,37
92,60,255,20,37
92,56,255,20,38
92,56,255,765,38
92,56,255,20,41
92,56,255,20,41
92,56,255,20,41
92,52,255,20,41
92,52,255,20,43
92,52,255,20,43
92,52,255,20,44
92,52,255,20,44
92,48,255,20,44
92,48,255,765,44
92,48,255,20,45
92,48,255,20,45
92,48,255,20,43
92,44,255,20,43
92,44,255,20,53
92,44,255,20,53
92,44,255,20,53
92,44,255,20,53
92,40,255,20,52
92,40,255,765,52
92,40,255,20,66
92,40,255,20,66
92,40,255,20,68
92,36,255,20,68
92,36,255,20,89
92,36,255,20,89
92,36,255,20,89
92,36,255,20,89
92,32,255,20,88
92,32,255,765,88
92,32,255,20,129
92,32,255,20,129
92,32,255,20,130
92,28,191,20,130
92,28,192,20,175
92,28,194,20,175
92,28,193,20,175
92,28,192,20,175
92,24,95,20,175
92,24,91,20,175
92,24,95,20,202
92,24,93,20,202
92,24,89,20,202
92,20,56,20,202
92,20,56,20,208
92,20,59,20,208
92,20,54,20,208
92,20,57,20,208
92,16,44,20,207
92,16,44,20,207
92,16,46,20,209
92,16,46,20,209
92,16,47,20,212
92,12,40,20,212
92,12,36,20,212
92,12,38,20,212
92,12,40,20,212
92,12,37,20,212
92,8,38,20,212
92,8,35,765,212
92,8,38,20,213
92,8,35,20,213
92,8,38,20,213
92,4,35,20,213
92,4,34,20,214
92,4,37,20,214
92,4,33,20,214
92,4,33,20,214
92,0,33,20,214
92,0,35,20,216
92,0,36,20,216
92,0,33,20,216
92,0,35,20,216
96,0,31,20,216
96,0,35,765,216
96,0,33,20,216
96,0,33,20,216
96,0,32,20,215
96,4,32,20,215
96,4,36,20,215
96,4,34,20,215
96,4,35,20,217
96,4,34,20,217
96,8,34,20,216
96,8,35,765,216
96,8,34,20,215
96,8,33,20,215
96,8,34,20,216
96,12,35,20,216
96,12,35,20,215
96,12,40,20,215
96,12,37,20,213
96,12,34,20,213
96,16,40,20,214
96,16,40,20,214
96,16,42,20,213
96,16,41,20,213
96,16,41,20,211
96,20,48,20,211
96,20,48,20,210
96,20,48,20,210
96,20,51,20,212
96,20,50,20,212
96,24,71,20,211
96,24,71,765,211
96,24,74,20,209
96,24,73,20,209
96,24,74,20,209
96,28,147,20,209
96,28,146,20,202
96,28,150,20,202
96,28,150,20,203
96,28,149,20,203
96,32,255,20,205
96,32,253,765,205
96,32,255,20,182
96,32,255,20,182
96,32,253,20,183
96,36,255,20,183
96,36,255,20,143
96,36,255,20,143
96,36,255,20,145
96,36,255,20,145
96,40,255,20,142
96,40,255,765,142
96,40,255,20,114
96,40,255,20,114
96,40,255,20,114
96,44,255,20,114
96,44,255,20,89
96,44,255,20,89
96,44,255,20,92
96,44,255,20,92
96,48,255,20,91
96,48,255,765,91
96,48,255,20,78
96,48,255,20,78
96,48,255,20,77
96,52,255,20,77
96,52,255,20,68
96,52,255,20,68
96,52,255,20,69
96,52,255,20,69
96,56,255,20,69
96,56,255,765,69
96,56,255,20,61
96,56,255,20,61
96,56,255,20,62
96,60,255,20,62
96,60,255,20,60
96,60,255,20,60
96,60,255,20,60
96,60,255,20,60
96,64,255,20,60
96,64,255,765,60
96,64,255,20,61
96,64,255,20,61
96,64,255,20,61
96,68,255,20,61
96,68,255,20,67
96,68,255,20,67
96,68,255,20,67
96,68,255,20,67
96,72,255,20,67
96,72,255,765,67
96,72,255,20,74
96,72,255,20,74
96,72,255,20,75
96,76,255,20,75
96,76,255,20,88
96,76,255,20,88
96,76,255,20,89
96,76,255,20,89
96,80,255,20,88
96,80,255,765,88
96,80,255,20,105
96,80,255,20,105
96,80,255,20,105
96,84,255,20,105
96,84,255,20,134
96,84,255,20,134
96,84,255,20,132
96,84,255,20,132
96,88,255,20,133
96,88,255,765,133
96,88,255,20,164
96,88,255,20,164
96,88,255,20,165
96,92,255,20,165
96,92,255,20,194
96,92,255,20,194
96,92,255,20,195
96,92,255,20,195
96,96,255,20,196
96,96,255,765,196
96,96,255,20,208
96,96,255,20,208
96,96,255,20,206
96,100,255,20,206
96,100,255,20,213
96,100,255,20,213
96,100,255,20,212
96,100,255,20,212
96,104,255,20,212
96,104,255,765,212
96,104,255,20,214
96,104,255,20,214
96,104,255,20,214
96,108,255,20,214
96,108,255,20,214
96,108,255,20,214
96,108,255,20,213
96,108,255,20,213
96,112,255,20,215
96,112,255,765,215
96,112,255,20,215
96,112,255,20,215
96,112,255,20,215
96,116,168,20,215
96,116,169,20,216
96,116,170,20,216
96,116,169,20,214
96,116,166,20,214
96,120,95,20,215
96,120,95,765,215
96,120,97,20,214
96,120,96,20,214
96,120,97,20,217
100,120,79,20,217
100,120,83,20,216
100,120,82,20,216
100,120,82,20,215
100,120,84,20,215
100,116,129,20,215
100,116,131,765,215
100,116,132,20,217
100,116,133,20,217
100,116,133,20,214
100,112,225,20,214
100,112,223,20,215
100,112,222,20,215
100,112,223,20,215
100,112,223,20,215
100,108,255,20,215
100,108,255,20,213
100,108,255,20,213
100,108,255,20,214
100,108,255,20,214
100,104,255,20,214
100,104,255,765,214
100,104,255,20,214
100,104,255,20,214
100,104,255,20,214
100,100,255,20,214
100,100,255,20,213
100,100,255,20,213
100,100,255,20,213
100,100,255,20,213
100,96,255,20,214
100,96,255,765,214
100,96,255,20,212
100,96,255,20,212
100,96,255,20,212
100,92,255,20,212
100,92,255,20,212
100,92,255,20,212
100,92,255,20,210
100,92,255,20,210
100,88,255,20,209
100,88,255,765,209
100,88,255,20,207
100,88,255,20,207
100,88,255,20,207
100,84,255,20,207
100,84,255,20,196
100,84,255,20,196
100,84,255,20,196
100,84,255,20,196
100,80,255,20,195
100,80,255,765,195
100,80,255,20,176
100,80,255,20,176
100,80,255,20,175
100,76,255,20,175
100,76,255,20,152
100,76,255,20,152
100,76,255,20,152
100,76,255,20,152
100,72,255,20,151
100,72,255,765,151
100,72,255,20,131
100,72,255,20,131
100,72,255,20,133
100,68,255,20,133
100,68,255,20,115
100,68,255,20,115
100,68,255,20,119
100,68,255,20,119
100,64,255,20,116
100,64,255,765,116
100,64,255,20,108
100,64,255,20,108
100,64,255,20,110
100,60,255,20,110
100,60,255,20,104
100,60,255,20,104
100,60,255,20,107
100,60,255,20,107
100,56,255,20,108
100,56,255,765,108
100,56,255,20,108
100,56,255,20,108
100,56,255,20,109
100,52,255,20,109
100,52,255,20,122
100,52,255,20,122
100,52,255,20,121
100,52,255,20,121
100,48,255,20,121
100,48,255,20,121
100,48,255,20,132
100,48,255,20,132
100,48,255,20,129
100,44,255,20,129
100,44,255,20,149
100,44,255,20,149
100,44,255,20,148
100,44,255,20,148
100,40,255,20,146
100,40,255,20,146
100,40,255,20,175
100,40,255,20,175
100,40,255,20,176
100,36,255,20,176
100,36,255,20,194
100,36,255,20,194
100,36,255,20,196
100,36,255,20,196
100,32,245,20,196
100,32,243,765,196
100,32,246,20,206
100,32,244,20,206
100,32,242,20,205
100,28,139,20,205
100,28,139,20,208
100,28,141,20,208
100,28,136,20,211
100,28,139,20,211
100,24,73,20,209
100,24,72,765,209
100,24,72,20,209
100,24,73,765,211
100,24,73,20,211
100,20,49,20,212
100,20,45,20,212
100,20,48,20,213
100,20,52,20,213
100,20,48,20,211
100,16,39,20,211
100,16,39,20,214
100,16,38,20,214
100,16,41,20,214
100,16,39,20,214
100,12,37,20,213
100,12,36,20,213
100,12,37,20,214
100,12,35,20,214
100,12,36,20,214
100,8,33,20,214
100,8,33,20,215
100,8,35,20,215
100,8,33,20,215
100,8,35,20,215
100,4,35,20,215
100,4,35,765,215
100,4,36,20,217
100,4,35,20,217
100,4,35,20,217
100,0,32,20,217
100,0,32,20,218
100,0,35,20,218
100,0,30,20,218
100,0,33,20,218
104,0,37,20,218
104,0,33,765,218
104,0,31,20,219
104,0,32,20,219
104,0,33,20,218
104,4,32,20,218
104,4,35,20,218
104,4,34,20,218
104,4,36,20,217
104,4,35,20,217
104,8,31,20,217
104,8,35,765,217
104,8,35,20,217
104,8,34,20,217
104,8,34,20,216
104,12,35,20,216
104,12,33,20,215
104,12,36,20,215
104,12,35,20,215
104,12,37,20,215
104,16,39,20,216
104,16,40,20,216
104,16,39,20,215
104,16,36,20,215
104,16,39,20,216
104,20,44,20,216
104,20,42,20,215
104,20,42,20,215
104,20,47,20,215
104,20,45,20,215
104,24,58,20,214
104,24,59,765,214
104,24,65,20,215
104,24,62,20,215
104,24,59,20,214
104,28,103,20,214
104,28,103,20,212
104,28,100,20,212
104,28,101,20,213
104,28,102,20,213
104,32,194,20,215
104,32,197,765,215
104,32,198,20,213
104,32,197,20,213
104,32,195,20,214
104,36,255,20,214
104,36,255,20,211
104,36,255,20,211
104,36,255,20,211
104,36,255,20,211
104,40,255,20,210
104,40,255,765,210
104,40,255,20,208
104,40,255,20,208
104,40,255,20,208
104,44,255,20,208
104,44,255,20,202
104,44,255,20,202
104,44,255,20,204
104,44,255,20,204
104,48,255,20,203
104,48,255,20,203
104,48,255,20,196
104,48,255,20,196
104,48,255,20,197
104,52,255,20,197
104,52,255,20,179
104,52,255,20,179
104,52,255,20,180
104,52,255,20,180
104,56,255,20,181
104,56,255,765,181
104,56,255,20,176
104,56,255,20,176
104,56,255,20,177
104,60,255,20,177
104,60,255,20,177
104,60,255,20,172
104,60,255,20,172
104,60,255,20,171
104,64,255,20,171
104,64,255,20,172
104,64,255,20,172
104,64,255,20,172
104,64,255,20,172
104,68,255,20,173
104,68,255,20,173
104,68,255,20,184
104,68,255,20,184
104,68,255,20,185
104,72,255,20,185
104,72,255,20,194
104,72,255,20,194
104,72,255,20,193
104,72,255,20,193
104,76,255,20,194
104,76,255,765,194
104,76,255,20,203
104,76,255,20,203
104,76,255,20,205
104,80,255,20,205
104,80,255,20,209
104,80,255,20,209
104,80,255,20,208
104,80,255,20,208
104,84,255,20,208
104,84,255,765,208
104,84,255,20,211
104,84,255,20,211
104,84,255,20,211
104,88,255,20,211
104,88,255,20,212
104,88,255,20,212
104,88,255,20,213
104,88,255,20,213
104,92,255,20,213
104,92,255,765,213
104,92,255,20,215
104,92,255,20,215
104,92,255,20,215
104,96,255,20,215
104,96,255,20,215
104,96,255,20,215
104,96,255,20,215
104,96,255,20,215
104,100,255,20,215
104,100,255,765,215
104,100,255,20,216
104,100,255,20,216
104,100,255,20,215
104,104,255,20,215
104,104,255,20,214
104,104,255,20,214
104,104,255,20,215
104,104,255,20,215
104,108,255,20,215
104,108,255,765,215
104,108,255,20,215
104,108,255,20,215
104,108,255,20,217
104,112,202,20,217
104,112,202,20,215
104,112,202,20,215
104,112,202,20,216
104,112,202,20,216
104,116,115,20,217
104,116,112,765,217
104,116,111,20,216
104,116,113,20,216
104,116,112,20,217
104,120,66,20,217
104,120,69,20,215
104,120,66,20,215
104,120,68,20,215
104,120,67,20,215
108,120,57,20,216
108,120,58,765,216
108,120,57,20,216
108,120,57,20,216
108,120,55,20,217
108,116,82,20,217
108,116,82,20,215
108,116,85,20,215
108,116,82,20,215
108,116,82,20,215
108,112,135,20,216
108,112,140,765,216
108,112,140,20,216
108,112,141,20,216
108,112,137,20,215
108,108,210,20,215
108,108,209,20,215
108,108,210,20,215
108,108,210,20,216
108,108,209,20,216
108,104,255,20,217
108,104,255,765,217
108,104,255,20,216
108,104,255,20,216
108,104,255,20,216
108,100,255,20,216
108,100,255,20,214
108,100,255,20,214
108,100,255,20,217
108,100,255,20,217
108,96,255,20,216
108,96,255,765,216
108,96,255,20,215
108,96,255,20,215
108,96,255,20,214
108,92,255,20,214
108,92,255,20,215
108,92,255,20,215
108,92,255,20,215
108,92,255,20,215
108,88,255,20,215
108,88,255,20,215
108,88,255,20,214
108,88,255,20,214
108,88,255,20,213
108,84,255,20,213
108,84,255,20,213
108,84,255,20,213
108,84,255,20,213
108,84,255,20,213
108,80,255,20,213
108,80,255,765,213
108,80,255,20,213
108,80,255,20,213
108,80,255,20,213
108,76,255,20,213
108,76,255,20,210
108,76,255,20,210
108,76,255,20,212
108,76,255,20,212
108,72,255,20,211
108,72,255,765,211
108,72,255,20,212
108,72,255,20,212
108,72,255,20,211
108,68,255,20,211
108,68,255,20,208
108,68,255,20,208
108,68,255,20,209
108,68,255,20,209
108,64,255,20,210
108,64,255,765,210
108,64,255,20,197
108,64,255,20,197
108,64,255,20,195
108,60,255,20,195
108,60,255,20,196
108,60,255,20,196
108,60,255,20,197
108,60,255,20,197
108,56,255,20,197
108,56,255,20,197
108,56,255,20,200
108,56,255,20,200
108,56,255,20,201
108,52,255,20,201
108,52,255,20,204
108,52,255,20,204
108,52,255,20,204
108,52,255,20,204
108,48,255,20,203
108,48,255,765,203
108,48,255,20,211
108,48,255,20,211
108,48,255,20,210
108,44,255,20,210
108,44,255,20,210
108,44,255,20,212
108,44,255,20,212
108,44,255,20,214
108,40,255,20,214
108,40,255,20,213
108,40,255,20,213
108,40,255,20,213
108,40,255,20,213
108,36,255,20,215
108,36,255,765,215
108,36,255,20,213
108,36,254,20,213
108,36,255,20,214
108,32,157,20,214
108,32,163,20,214
108,32,161,20,214
108,32,159,20,216
108,32,161,20,216
108,28,90,20,214
108,28,91,765,214
108,28,87,20,214
108,28,87,20,214
108,28,90,20,215
108,24,56,20,215
108,24,55,20,215
108,24,57,20,215
108,24,57,20,215
108,24,56,20,215
108,20,43,20,215
108,20,43,20,215
108,20,45,20,216
108,20,43,20,216
108,20,41,20,216
108,16,38,20,216
108,16,39,20,216
108,16,34,20,216
108,16,39,20,217
108,16,37,20,217
108,12,33,20,218
108,12,34,20,218
108,12,37,20,218
108,12,33,20,218
108,12,35,20,217
108,8,36,20,217
108,8,37,20,217
108,8,34,20,217
108,8,33,20,218
108,8,33,20,218
108,4,37,20,218
108,4,35,765,218
108,4,32,20,220
108,4,34,20,220
108,4,33,20,219
108,0,32,20,219
108,0,34,20,220
108,0,32,20,220
108,0,33,20,219
108,0,32,20,219
112,0,35,20,220
112,0,32,765,220
112,0,35,20,220
112,0,34,20,220
112,0,32,20,219
112,4,33,20,219
112,4,36,20,219
112,4,32,20,219
112,4,31,20,220
112,4,34,20,220
112,8,37,20,219
112,8,35,20,219
112,8,35,20,219
112,8,34,20,219
112,8,33,20,219
112,12,35,20,219
112,12,36,20,219
112,12,33,20,219
112,12,35,20,219
112,12,34,20,219
112,16,36,20,220
112,16,36,20,220
112,16,37,20,219
112,16,36,20,219
112,16,36,20,218
112,20,38,20,218
112,20,38,20,217
112,20,37,20,217
112,20,37,20,218
112,20,39,20,218
112,24,48,20,218
112,24,49,765,218
112,24,46,20,217
112,24,47,20,217
112,24,46,20,218
112,28,65,20,218
112,28,63,20,218
112,28,65,20,218
112,28,65,20,217
112,28,67,20,217
112,32,103,20,219
112,32,105,765,219
112,32,103,20,217
112,32,105,20,217
112,32,104,20,219
112,36,169,20,219
112,36,174,20,217
112,36,167,20,217
112,36,173,20,217
112,36,168,20,217
112,40,255,20,217
112,40,255,765,217
112,40,255,20,217
112,40,255,20,217
112,40,255,20,216
112,44,255,20,216
112,44,255,20,216
112,44,255,20,216
112,44,255,20,218
112,44,255,20,218
112,48,255,20,218
112,48,255,765,218
112,48,255,20,216
112,48,255,20,216
112,48,255,20,215
112,52,255,20,215
112,52,255,20,214
112,52,255,20,214
112,52,255,20,214
112,52,255,20,214
112,56,255,20,213
112,56,255,765,213
112,56,255,20,214
112,56,255,20,214
112,56,255,20,214
112,60,255,20,214
112,60,255,20,214
112,60,255,20,214
112,60,255,20,213
112,60,255,20,213
112,64,255,20,214
112,64,255,765,214
112,64,255,20,214
112,64,255,20,214
112,64,255,20,214
112,68,255,20,214
112,68,255,20,215
112,68,255,20,215
112,68,255,20,214
112,68,255,20,214
112,72,255,20,217
112,72,255,765,217
112,72,255,20,214
112,72,255,20,214
112,72,255,20,215
112,76,255,20,215
112,76,255,20,216
112,76,255,20,216
112,76,255,20,215
112,76,255,20,215
112,80,255,20,215
112,80,255,765,215
112,80,255,20,215
112,80,255,20,215
112,80,255,20,216
112,84,255,20,216
112,84,255,20,216
112,84,255,20,216
112,84,255,20,217
112,84,255,20,217
112,88,255,20,216
112,88,255,765,216
112,88,255,20,217
112,88,255,20,217
112,88,255,20,217
112,92,255,20,217
112,92,255,20,216
112,92,255,20,216
112,92,255,20,217
112,92,255,20,217
112,96,255,20,217
112,96,255,765,217
112,96,255,20,216
112,96,255,20,216
112,96,255,20,219
112,100,245,20,219
112,100,247,20,218
112,100,247,20,218
112,100,246,20,217
112,100,247,20,217
112,104,208,20,217
112,104,205,765,217
112,104,209,20,216
112,104,208,20,216
112,104,206,20,217
112,108,153,20,217
112,108,154,20,216
112,108,153,20,216
112,108,155,20,216
112,108,154,20,216
112,112,99,20,217
112,112,97,765,217
112,112,99,20,216
112,112,98,20,216
112,112,100,20,216
112,116,65,20,216
112,116,67,20,216
112,116,63,20,216
112,116,67,20,216
112,116,62,20,216
112,120,47,20,216
112,120,49,765,216
112,120,50,20,215
112,120,45,20,215
112,120,50,20,216
116,120,43,20,216
116,120,45,20,216
116,120,43,20,216
116,120,42,20,215
116,120,39,20,215
116,116,51,20,217
116,116,49,765,217
116,116,50,20,215
116,116,49,20,215
116,116,48,20,216
116,112,67,20,216
116,112,68,20,215
116,112,66,20,215
116,112,64,20,215
116,112,66,20,215
116,108,92,20,216
116,108,93,765,216
116,108,91,20,216
116,108,91,20,216
116,108,91,20,215
116,104,131,20,215
116,104,131,20,217
116,104,133,20,217
116,104,134,20,215
116,104,132,20,215
116,100,190,20,217
116,100,188,765,217
116,100,189,20,218
116,100,190,20,218
116,100,189,20,218
116,96,215,20,218
116,96,216,20,215
116,96,217,20,215
116,96,218,20,216
116,96,215,20,216
116,92,249,20,217
116,92,251,765,217
116,92,249,20,217
116,92,252,20,217
116,92,251,20,217
116,88,255,20,217
116,88,255,20,216
116,88,255,20,216
116,88,255,20,217
116,88,255,20,217
116,84,255,20,216
116,84,255,765,216
116,84,255,20,216
116,84,255,20,216
116,84,255,20,218
116,80,255,20,218
116,80,255,20,217
116,80,255,20,217
116,80,255,20,217
116,80,255,20,217
116,76,255,20,216
116,76,255,765,216
116,76,255,20,217
116,76,255,20,217
116,76,255,20,217
116,72,255,20,217
116,72,255,20,217
116,72,255,20,217
116,72,255,20,216
116,72,255,20,216
116,68,255,20,216
116,68,255,765,216
116,68,255,20,215
116,68,255,20,215
116,68,255,20,217
116,64,255,20,217
116,64,255,20,216
116,64,255,20,216
116,64,255,20,216
116,64,255,20,216
116,60,255,20,218
116,60,255,765,218
116,60,255,20,215
116,60,255,20,215
116,60,255,20,216
116,56,255,20,216
116,56,255,20,217
116,56,255,20,217
116,56,255,20,218
116,56,255,20,218
116,52,255,20,217
116,52,255,765,217
116,52,255,20,217
116,52,255,20,217
116,52,255,20,217
116,48,255,20,217
116,48,255,20,219
116,48,255,20,219
116,48,255,20,218
116,48,255,20,218
116,44,255,20,217
116,44,255,20,217
116,44,254,20,217
116,44,255,20,217
116,44,255,20,220
116,40,179,20,220
116,40,178,20,219
116,40,179,20,219
116,40,181,20,218
116,40,181,20,218
116,36,118,20,219
116,36,121,765,219
116,36,119,20,218
116,36,121,20,218
116,36,119,20,220
116,32,81,20,220
116,32,77,20,219
116,32,79,20,219
116,32,80,20,219
116,32,77,20,219
116,28,57,20,220
116,28,57,765,220
116,28,58,20,220
116,28,56,20,220
116,28,54,20,219
116,24,42,20,219
116,24,45,20,219
116,24,44,20,219
116,24,42,20,220
116,24,42,20,220
116,20,38,20,221
116,20,41,765,221
116,20,37,20,219
116,20,37,20,219
116,20,39,20,219
116,16,37,20,219
116,16,37,20,220
116,16,37,20,220
116,16,36,20,220
116,16,36,20,220
116,12,36,20,219
116,12,33,20,219
116,12,37,20,219
116,12,35,20,219
116,12,33,20,220
116,8,34,20,220
116,8,35,20,219
116,8,34,20,219
116,8,35,20,220
116,8,31,20,220
116,4,32,20,220
116,4,31,765,220
116,4,33,20,220
116,4,32,20,220
116,4,32,20,221
116,0,33,20,221
116,0,32,20,221
116,0,35,20,221
116,0,31,20,221
116,0,33,20,221
120,0,32,20,220
120,0,34,765,220
120,0,35,20,221
120,0,34,20,221
120,0,33,20,222
120,4,34,20,222
120,4,33,20,221
120,4,33,20,221
120,4,34,20,222
120,4,35,20,222
120,8,33,20,221
120,8,35,765,221
120,8,33,20,221
120,8,33,20,221
120,8,35,20,221
120,12,33,20,221
120,12,33,20,222
120,12,33,20,222
120,12,34,20,221
120,12,33,20,221
120,16,37,20,221
120,16,35,765,221
120,16,38,20,220
120,16,38,20,220
120,16,32,20,221
120,20,41,20,221
120,20,39,20,220
120,20,39,20,220
120,20,35,20,221
120,20,39,20,221
120,24,39,20,220
120,24,39,20,220
120,24,37,20,222
120,24,40,20,222
120,24,37,20,221
120,28,44,20,221
120,28,44,20,221
120,28,45,20,221
120,28,47,20,221
120,28,45,20,221
120,32,57,20,221
120,32,56,765,221
120,32,57,20,221
120,32,58,20,221
120,32,58,20,221
120,36,73,20,221
120,36,74,20,220
120,36,76,20,220
120,36,78,20,220
120,36,75,20,221
120,40,104,20,221
120,40,104,20,220
120,40,102,20,220
120,40,104,20,221
120,40,105,20,221
120,44,142,20,222
120,44,140,20,222
120,44,140,20,221
120,44,143,20,221
120,44,141,20,221
120,48,192,20,221
120,48,190,20,220
120,48,191,20,220
120,48,191,20,220
120,48,189,20,220
120,52,238,20,220
120,52,239,20,220
120,52,241,20,219
120,52,240,20,219
120,52,241,20,220
120,56,255,20,220
120,56,255,20,219
120,56,255,20,219
120,56,255,20,221
120,56,255,20,221
120,60,255,20,218
120,60,255,765,218
120,60,255,20,220
120,60,255,20,220
120,60,255,20,220
120,64,255,20,220
120,64,255,20,220
120,64,255,20,220
120,64,255,20,219
120,64,255,20,219
120,68,255,20,218
120,68,255,765,218
120,68,255,20,218
120,68,255,20,218
120,68,255,20,219
120,72,255,20,219
120,72,255,20,218
120,72,255,20,218
120,72,255,20,218
120,72,255,20,218
120,76,255,20,218
120,76,255,765,218
120,76,255,20,218
120,76,255,20,218
120,76,255,20,219
120,80,249,20,219
120,80,249,20,219
120,80,251,20,219
120,80,250,20,219
120,80,250,20,219
120,84,229,20,219
120,84,230,765,219
120,84,231,20,217
120,84,228,20,217
120,84,230,20,218
120,88,208,20,218
120,88,208,20,217
120,88,210,20,217
120,88,210,20,219
120,88,212,20,219
120,92,189,20,217
120,92,186,765,217
120,92,185,20,217
120,92,188,20,217
120,92,186,20,218
120,96,141,20,218
120,96,144,20,218
120,96,142,20,218
120,96,144,20,218
120,96,144,20,218
120,100,109,20,219
120,100,111,765,219
120,100,112,20,219
120,100,112,20,219
120,100,111,20,220
120,104,83,20,220
120,104,85,20,218
120,104,83,20,218
120,104,82,20,218
120,104,85,20,218
120,108,62,20,217
120,108,66,765,217
120,108,66,20,217
120,108,62,20,217
120,108,63,20,218
120,112,50,20,218
120,112,51,20,217
120,112,52,20,217
120,112,49,20,217
120,112,49,20,217
120,116,43,20,216
120,116,42,765,216
120,116,45,20,217
120,116,42,20,217
120,116,44,20,215
120,120,39,20,215
120,120,36,20,216
120,120,37,20,216
120,120,35,20,216
120,120,41,20,216
