x,y,intensity,ultra,lidar
0,0,34,20,43
0,0,32,20,231
0,0,33,20,231
0,0,31,20,230
0,0,29,20,230
0,4,34,20,231
0,4,32,765,231
0,4,31,20,230
0,4,34,20,230
0,4,31,20,231
0,8,30,20,231
0,8,32,20,231
0,8,33,20,231
0,8,31,20,230
0,8,33,20,230
0,12,30,20,230
0,12,31,765,230
0,12,30,20,229
0,12,32,20,229
0,12,34,20,231
0,16,33,20,231
0,16,33,20,232
0,16,33,20,232
0,16,33,20,231
0,16,30,20,231
0,20,30,20,231
0,20,30,765,231
0,20,32,20,229
0,20,32,20,229
0,20,33,20,229
0,24,30,20,229
0,24,33,20,230
0,24,34,20,230
0,24,36,20,229
0,24,28,20,229
0,28,31,20,231
0,28,34,765,231
0,28,32,20,231
0,28,32,20,231
0,28,32,20,231
0,32,33,20,231
0,32,31,20,232
0,32,30,20,232
0,32,31,20,230
0,32,31,20,230
0,36,29,20,230
0,36,34,20,230
0,36,31,20,230
0,36,29,20,230
0,36,32,20,230
0,40,33,20,230
0,40,32,20,229
0,40,33,20,229
0,40,31,20,229
0,40,34,20,229
0,44,30,20,230
0,44,31,765,230
0,44,31,20,230
0,44,30,20,230
0,44,33,20,229
0,48,30,20,229
0,48,33,20,230
0,48,35,20,230
0,48,32,20,230
0,48,30,20,230
0,52,30,20,228
0,52,33,765,228
0,52,34,20,228
0,52,33,20,228
0,52,33,20,229
0,56,33,20,229
0,56,29,20,229
0,56,31,20,229
0,56,33,20,230
0,56,32,20,230
0,60,33,20,229
0,60,29,20,229
0,60,34,20,229
0,60,30,20,229
0,60,32,20,228
0,64,34,20,228
0,64,31,20,230
0,64,34,20,230
0,64,33,20,230
0,64,32,20,230
0,68,30,20,230
0,68,33,765,230
0,68,32,20,229
0,68,30,20,229
0,68,30,20,228
0,72,31,20,228
0,72,33,20,228
0,72,35,20,228
0,72,30,20,228
0,72,32,20,228
0,76,34,20,228
0,76,32,765,228
0,76,30,20,229
0,76,30,20,229
0,76,31,20,228
0,80,32,20,228
0,80,30,20,227
0,80,33,20,227
0,80,33,20,228
0,80,33,20,228
0,84,31,20,227
0,84,33,20,227
0,84,33,20,227
0,84,29,20,227
0,84,32,20,227
0,88,32,20,227
0,88,33,20,228
0,88,32,20,228
0,88,28,20,227
0,88,35,20,227
0,92,32,20,228
0,92,34,765,228
0,92,32,20,227
0,92,30,20,227
0,92,32,20,226
0,96,30,20,226
0,96,33,20,227
0,96,32,20,227
0,96,33,20,225
0,96,31,20,225
0,100,31,20,227
0,100,32,20,227
0,100,33,20,226
0,100,33,20,226
0,100,33,20,226
0,104,30,20,226
0,104,30,20,225
0,104,30,20,225
0,104,32,20,224
0,104,31,20,224
0,108,29,20,226
0,108,33,765,226
0,108,32,20,225
0,108,32,20,225
0,108,33,20,224
0,112,33,20,224
0,112,33,20,224
0,112,32,20,224
0,112,32,20,224
0,112,34,20,224
0,116,31,20,224
0,116,28,765,224
0,116,32,20,224
0,116,31,20,224
0,116,31,20,223
0,120,32,20,223
0,120,33,20,223
0,120,32,20,223
0,120,32,20,223
0,120,32,20,223
4,120,32,20,223
4,120,35,20,224
4,120,33,20,224
4,120,35,20,222
4,120,31,20,222
4,116,34,20,222
4,116,34,765,222
4,116,30,20,224
4,116,35,20,224
4,116,34,20,222
4,112,30,20,222
4,112,33,20,224
4,112,31,20,224
4,112,32,20,223
4,112,32,20,223
4,108,34,20,224
4,108,31,20,224
4,108,34,20,223
4,108,32,20,223
4,108,35,20,223
4,104,35,20,223
4,104,31,20,225
4,104,36,20,225
4,104,31,20,223
4,104,34,20,223
4,100,31,20,223
4,100,37,765,223
4,100,29,20,224
4,100,36,20,224
4,100,33,20,224
4,96,30,20,224
4,96,34,20,225
4,96,33,20,225
4,96,37,20,224
4,96,33,20,224
4,92,34,20,224
4,92,34,20,224
4,92,30,20,224
4,92,32,20,224
4,92,30,20,225
4,88,32,20,225
4,88,34,20,225
4,88,32,20,225
4,88,34,20,225
4,88,31,20,225
4,84,36,20,223
4,84,32,20,223
4,84,34,20,224
4,84,32,20,224
4,84,32,20,224
4,80,34,20,224
4,80,35,20,225
4,80,34,20,225
4,80,34,20,225
4,80,34,20,225
4,76,36,20,225
4,76,31,21,225
4,76,32,20,224
4,76,31,20,224
4,76,33,20,225
4,72,33,21,225
4,72,33,21,225
4,72,33,21,225
4,72,31,21,224
4,72,32,21,224
4,68,33,21,225
4,68,33,21,225
4,68,32,21,227
4,68,34,21,227
4,68,32,21,225
4,64,32,21,225
4,64,30,21,225
4,64,33,21,225
4,64,32,21,225
4,64,36,21,225
4,60,30,21,224
4,60,37,22,224
4,60,35,21,225
4,60,32,21,225
4,60,32,21,225
4,56,31,21,225
4,56,33,21,226
4,56,32,21,226
4,56,32,21,227
4,56,30,21,227
4,52,35,20,226
4,52,36,765,226
4,52,33,20,225
4,52,32,20,225
4,52,34,20,226
4,48,32,20,226
4,48,33,20,227
4,48,33,20,227
4,48,34,20,226
4,48,31,20,226
4,44,33,20,226
4,44,30,20,226
4,44,29,20,226
4,44,34,20,226
4,44,31,20,227
4,40,36,20,227
4,40,32,20,226
4,40,34,20,226
4,40,33,20,227
4,40,35,20,227
4,36,33,20,226
4,36,34,765,226
4,36,35,20,227
4,36,30,20,227
4,36,32,20,227
4,32,32,20,227
4,32,32,20,227
4,32,32,20,227
4,32,34,20,228
4,32,35,20,228
4,28,33,20,227
4,28,29,765,227
4,28,36,20,227
4,28,33,20,227
4,28,32,20,227
4,24,30,20,227
4,24,33,20,227
4,24,33,20,227
4,24,30,20,228
4,24,33,20,228
4,20,32,20,227
4,20,33,765,227
4,20,35,20,226
4,20,36,20,226
4,20,32,20,227
4,16,33,20,227
4,16,33,20,228
4,16,32,20,228
4,16,34,20,226
4,16,31,20,226
4,12,35,20,228
4,12,33,765,228
4,12,33,20,227
4,12,31,20,227
4,12,30,20,226
4,8,34,20,226
4,8,34,20,227
4,8,31,20,227
4,8,32,20,227
4,8,33,20,227
4,4,33,20,227
4,4,32,765,227
4,4,32,20,227
4,4,33,20,227
4,4,33,20,227
4,0,33,20,227
4,0,33,20,229
4,0,31,20,229
4,0,32,20,227
4,0,32,20,227
8,0,32,20,227
8,0,33,765,227
8,0,34,20,227
8,0,30,20,227
8,0,34,20,228
8,4,32,20,228
8,4,34,20,226
8,4,31,20,226
8,4,34,20,228
8,4,33,20,228
8,8,31,20,228
8,8,32,765,228
8,8,32,20,227
8,8,33,20,227
8,8,32,20,227
8,12,33,20,227
8,12,32,20,228
8,12,32,20,228
8,12,32,20,228
8,12,33,20,228
8,16,33,20,227
8,16,31,765,227
8,16,33,20,226
8,16,33,20,226
8,16,32,20,229
8,20,32,20,229
8,20,35,20,228
8,20,31,20,228
8,20,34,20,228
8,20,33,20,228
8,24,33,20,227
8,24,34,765,227
8,24,33,20,228
8,24,32,20,228
8,24,35,20,227
8,28,34,20,227
8,28,33,20,227
8,28,35,20,227
8,28,32,20,227
8,28,33,20,227
8,32,34,20,226
8,32,34,20,226
8,32,34,20,227
8,32,32,20,227
8,32,33,20,226
8,36,37,20,226
8,36,34,20,226
8,36,31,20,226
8,36,33,20,226
8,36,32,20,226
8,40,32,20,227
8,40,34,765,227
8,40,33,20,226
8,40,32,20,226
8,40,33,20,225
8,44,34,20,225
8,44,35,20,226
8,44,34,20,226
8,44,34,20,225
8,44,32,20,225
8,48,37,20,226
8,48,35,765,226
8,48,34,20,227
8,48,34,20,227
8,48,31,20,225
8,52,34,20,225
8,52,32,20,226
8,52,34,20,226
8,52,34,20,226
8,52,32,20,226
8,56,37,21,227
8,56,35,24,227
8,56,33,21,226
8,56,34,21,226
8,56,32,21,227
8,60,34,21,227
8,60,34,21,226
8,60,35,21,226
8,60,34,21,226
8,60,35,21,226
8,64,30,20,226
8,64,33,21,226
8,64,34,20,225
8,64,34,20,225
8,64,35,20,224
8,68,32,21,224
8,68,34,21,226
8,68,32,21,226
8,68,33,21,226
8,68,33,21,226
8,72,32,21,225
8,72,38,21,225
8,72,32,21,227
8,72,33,21,227
8,72,34,21,225
8,76,33,21,225
8,76,30,21,227
8,76,31,21,227
8,76,33,21,227
8,76,33,21,227
8,80,32,21,226
8,80,31,22,226
8,80,30,21,225
8,80,31,21,225
8,80,33,21,227
8,84,34,20,227
8,84,33,20,225
8,84,33,20,225
8,84,33,20,227
8,84,33,20,227
8,88,33,20,227
8,88,33,21,227
8,88,32,20,225
8,88,34,20,225
8,88,33,20,225
8,92,32,20,225
8,92,33,20,225
8,92,30,20,225
8,92,32,20,224
8,92,31,20,224
8,96,31,20,225
8,96,29,20,225
8,96,35,20,224
8,96,34,20,224
8,96,34,20,225
8,100,34,20,225
8,100,31,20,225
8,100,32,20,225
8,100,33,20,224
8,100,31,20,224
8,104,33,20,224
8,104,32,20,224
8,104,33,20,224
8,104,31,20,224
8,104,35,20,225
8,108,31,20,225
8,108,32,20,222
8,108,33,20,222
8,108,30,20,224
8,108,32,20,224
8,112,32,20,222
8,112,33,765,222
8,112,36,20,224
8,112,34,20,224
8,112,31,20,222
8,116,32,20,222
8,116,31,20,224
8,116,35,20,224
8,116,34,20,222
8,116,30,20,222
8,120,36,20,222
8,120,32,765,222
8,120,36,20,223
8,120,32,20,223
8,120,34,20,223
12,120,33,20,223
12,120,34,20,223
12,120,35,20,223
12,120,35,20,222
12,120,34,20,222
12,116,35,20,222
12,116,32,765,222
12,116,33,20,222
12,116,33,20,222
12,116,34,20,222
12,112,33,20,222
12,112,34,20,222
12,112,33,20,222
12,112,31,20,223
12,112,32,20,223
12,108,32,20,224
12,108,33,20,224
12,108,32,20,223
12,108,33,20,223
12,108,35,20,222
12,104,35,20,222
12,104,34,20,223
12,104,33,20,223
12,104,35,20,224
12,104,32,20,224
12,100,35,20,224
12,100,33,20,224
12,100,35,20,223
12,100,33,20,223
12,100,33,20,223
12,96,32,20,223
12,96,35,20,224
12,96,35,20,224
12,96,31,20,224
12,96,33,20,224
12,92,34,20,224
12,92,30,20,224
12,92,35,20,224
12,92,35,20,224
12,92,34,20,224
12,88,34,21,224
12,88,33,21,223
12,88,32,21,223
12,88,37,21,224
12,88,34,21,224
12,84,36,21,224
12,84,35,22,224
12,84,32,21,224
12,84,37,21,224
12,84,33,21,225
12,80,32,22,225
12,80,31,22,224
12,80,35,22,224
12,80,34,22,225
12,80,34,22,225
12,76,31,22,224
12,76,32,30,224
12,76,34,22,224
12,76,35,22,224
12,76,35,22,224
12,72,35,23,224
12,72,36,23,223
12,72,34,23,223
12,72,34,23,225
12,72,35,23,225
12,68,36,23,224
12,68,34,30,224
12,68,36,23,224
12,68,32,23,224
12,68,33,23,222
12,64,34,21,222
12,64,35,21,223
12,64,34,21,223
12,64,35,21,223
12,64,39,21,223
12,60,32,21,221
12,60,33,22,221
12,60,35,21,222
12,60,34,21,222
12,60,36,21,221
12,56,36,23,221
12,56,33,23,219
12,56,35,23,219
12,56,35,23,220
12,56,36,23,220
12,52,34,21,219
12,52,33,42,219
12,52,34,21,219
12,52,35,21,219
12,52,35,21,218
12,48,34,21,218
12,48,35,21,218
12,48,37,21,218
12,48,34,21,218
12,48,34,21,218
12,44,33,21,219
12,44,36,765,219
12,44,34,21,217
12,44,36,21,217
12,44,35,21,219
12,40,34,20,219
12,40,33,20,219
12,40,36,20,219
12,40,34,20,218
12,40,32,20,218
12,36,32,20,219
12,36,35,20,219
12,36,36,20,221
12,36,34,20,221
12,36,34,20,221
12,32,35,20,221
12,32,34,20,224
12,32,32,20,224
12,32,35,20,223
12,32,29,20,223
12,28,32,20,223
12,28,32,765,223
12,28,34,20,224
12,28,34,20,224
12,28,35,20,225
12,24,34,20,225
12,24,33,20,227
12,24,30,20,227
12,24,32,20,226
12,24,32,20,226
12,20,32,20,226
12,20,34,765,226
12,20,33,20,227
12,20,35,20,227
12,20,34,20,226
12,16,31,20,226
12,16,33,20,227
12,16,33,20,227
12,16,37,20,226
12,16,33,20,226
12,12,31,20,228
12,12,33,765,228
12,12,32,20,227
12,12,31,20,227
12,12,32,20,227
12,8,31,20,227
12,8,33,20,229
12,8,32,20,229
12,8,32,20,227
12,8,32,20,227
12,4,32,20,226
12,4,33,765,226
12,4,31,20,226
12,4,35,20,226
12,4,33,20,227
12,0,30,20,227
12,0,34,20,226
12,0,34,20,226
12,0,28,20,227
12,0,34,20,227
16,0,31,20,227
16,0,33,765,227
16,0,32,20,227
16,0,32,20,227
16,0,33,20,227
16,4,31,20,227
16,4,29,20,227
16,4,33,20,227
16,4,32,20,227
16,4,30,20,227
16,8,32,20,227
16,8,33,765,227
16,8,33,20,227
16,8,34,20,227
16,8,31,20,227
16,12,32,20,227
16,12,31,20,226
16,12,34,20,226
16,12,34,20,226
16,12,34,20,226
16,16,34,20,227
16,16,34,765,227
16,16,32,20,225
16,16,35,20,225
16,16,33,20,225
16,20,36,20,225
16,20,35,20,224
16,20,31,20,224
16,20,33,20,224
16,20,34,20,224
16,24,33,20,224
16,24,34,765,224
16,24,32,20,222
16,24,37,20,222
16,24,32,20,221
16,28,35,20,221
16,28,33,20,217
16,28,35,20,217
16,28,33,20,215
16,28,34,20,215
16,32,36,20,216
16,32,34,765,216
16,32,36,20,211
16,32,33,20,211
16,32,34,20,212
16,36,35,20,212
16,36,33,20,206
16,36,35,20,206
16,36,36,20,206
16,36,35,20,206
16,40,31,20,206
16,40,36,21,206
16,40,35,20,200
16,40,33,20,200
16,40,36,20,201
16,44,37,20,201
16,44,38,20,196
16,44,38,20,196
16,44,36,20,198
16,44,37,20,198
16,48,38,20,197
16,48,35,765,197
16,48,37,20,195
16,48,36,20,195
16,48,37,20,194
16,52,37,20,194
16,52,36,20,196
16,52,35,20,196
16,52,36,20,196
16,52,37,20,196
16,56,33,23,196
16,56,35,32,196
16,56,39,23,198
16,56,36,23,198
16,56,38,23,199
16,60,39,26,199
16,60,35,26,204
16,60,35,26,204
16,60,38,26,204
16,60,38,26,204
16,64,38,28,204
16,64,38,30,204
16,64,36,28,211
16,64,40,28,211
16,64,36,28,209
16,68,40,23,209
16,68,37,23,216
16,68,37,23,216
16,68,35,23,216
16,68,37,23,216
16,72,36,32,216
16,72,37,34,216
16,72,40,32,221
16,72,35,32,221
16,72,41,32,221
16,76,36,32,221
16,76,36,32,222
16,76,36,32,222
16,76,33,32,224
16,76,36,32,224
16,80,36,27,223
16,80,34,765,223
16,80,38,27,224
16,80,35,27,224
16,80,37,27,225
16,84,35,22,225
16,84,37,22,225
16,84,33,22,225
16,84,36,22,224
16,84,35,22,224
16,88,38,21,225
16,88,34,21,225
16,88,35,21,225
16,88,34,21,225
16,88,34,21,225
16,92,31,21,225
16,92,33,21,226
16,92,36,21,226
16,92,36,21,225
16,92,32,21,225
16,96,33,20,225
16,96,34,21,225
16,96,35,20,223
16,96,36,20,223
16,96,33,20,224
16,100,34,20,224
16,100,33,20,223
16,100,35,20,223
16,100,35,20,223
16,100,33,20,223
16,104,34,20,225
16,104,33,20,225
16,104,35,20,224
16,104,33,20,224
16,104,33,20,223
16,108,35,20,223
16,108,31,20,223
16,108,33,20,223
16,108,30,20,222
16,108,34,20,222
16,112,33,20,223
16,112,34,20,223
16,112,33,20,224
16,112,31,20,224
16,112,32,20,223
16,116,31,20,223
16,116,30,20,222
16,116,33,20,222
16,116,30,20,222
16,116,34,20,222
16,120,35,20,222
16,120,31,20,222
16,120,32,20,220
16,120,31,20,220
16,120,30,20,221
20,120,32,20,221
20,120,34,20,223
20,120,35,20,223
20,120,34,20,222
20,120,34,20,222
20,116,35,20,221
20,116,33,20,221
20,116,32,20,222
20,116,30,20,222
20,116,33,20,221
20,112,34,20,221
20,112,33,20,222
20,112,34,20,222
20,112,32,20,222
20,112,34,20,222
20,108,35,20,222
20,108,36,20,222
20,108,31,20,223
20,108,33,20,223
20,108,37,20,221
20,104,33,20,221
20,104,36,20,223
20,104,33,20,223
20,104,35,20,223
20,104,37,20,223
20,100,35,20,224
20,100,36,20,224
20,100,36,20,223
20,100,35,20,223
20,100,37,20,225
20,96,36,20,225
20,96,35,20,222
20,96,36,20,222
20,96,34,20,223
20,96,39,20,223
20,92,36,21,223
20,92,40,22,223
20,92,37,21,224
20,92,39,21,224
20,92,33,21,223
20,88,37,28,223
20,88,37,28,222
20,88,38,28,222
20,88,34,28,222
20,88,38,28,222
20,84,38,24,223
20,84,39,765,223
20,84,35,24,223
20,84,37,24,223
20,84,39,24,223
20,80,39,26,223
20,80,38,26,219
20,80,38,26,219
20,80,38,26,220
20,80,41,26,220
20,76,38,34,220
20,76,43,36,220
20,76,41,25,213
20,76,39,33,213
20,76,41,33,213
20,72,40,23,213
20,72,42,23,201
20,72,39,23,201
20,72,38,23,201
20,72,43,23,201
20,68,40,22,203
20,68,43,24,203
20,68,43,22,189
20,68,40,22,189
20,68,39,22,190
20,64,41,26,190
20,64,41,26,177
20,64,39,26,177
20,64,41,26,177
20,64,43,26,177
20,60,38,25,177
20,60,39,28,177
20,60,41,25,168
20,60,43,25,168
20,60,43,25,168
20,56,37,20,167
20,56,43,21,167
20,56,43,20,161
20,56,45,20,161
20,56,42,20,161
20,52,44,20,161
20,52,44,20,155
20,52,40,20,155
20,52,46,20,155
20,52,44,20,155
20,48,46,20,156
20,48,37,44,156
20,48,40,20,154
20,48,43,20,154
20,48,40,20,153
20,44,42,21,153
20,44,43,21,157
20,44,42,21,157
20,44,41,21,158
20,44,39,21,158
20,40,42,20,156
20,40,39,21,156
20,40,42,20,164
20,40,39,20,164
20,40,40,20,163
20,36,36,20,163
20,36,38,20,172
20,36,38,20,172
20,36,38,20,172
20,36,36,20,172
20,32,38,20,172
20,32,37,765,172
20,32,39,20,184
20,32,36,20,184
20,32,38,20,184
20,28,38,20,184
20,28,37,20,195
20,28,38,20,195
20,28,35,20,197
20,28,35,20,197
20,24,35,20,196
20,24,36,765,196
20,24,34,20,207
20,24,37,20,207
20,24,36,20,208
20,20,34,20,208
20,20,36,20,217
20,20,35,20,217
20,20,35,20,216
20,20,35,20,216
20,16,34,20,216
20,16,36,765,216
20,16,32,20,221
20,16,33,20,221
20,16,34,20,221
20,12,34,20,221
20,12,33,20,224
20,12,31,20,224
20,12,32,20,225
20,12,34,20,225
20,8,36,20,224
20,8,30,765,224
20,8,35,20,226
20,8,37,20,226
20,8,34,20,226
20,4,32,20,226
20,4,32,20,227
20,4,32,20,227
20,4,32,20,227
20,4,31,20,227
20,0,30,20,226
20,0,31,765,226
20,0,30,20,226
20,0,29,20,226
20,0,31,20,226
24,0,31,20,226
24,0,32,20,227
24,0,32,20,227
24,0,32,20,227
24,0,32,20,227
24,4,31,20,226
24,4,32,765,226
24,4,33,20,226
24,4,32,20,226
24,4,34,20,227
24,8,34,20,227
24,8,34,20,224
24,8,35,20,224
24,8,33,20,225
24,8,31,20,225
24,12,35,20,225
24,12,36,765,225
24,12,34,20,221
24,12,33,20,221
24,12,32,20,221
24,16,36,20,221
24,16,36,20,212
24,16,34,20,212
24,16,35,20,211
24,16,33,20,211
24,20,37,20,212
24,20,38,765,212
24,20,36,20,198
24,20,36,20,198
24,20,37,20,197
24,24,38,20,197
24,24,36,20,197
24,24,37,20,180
24,24,38,20,180
24,24,38,20,180
24,28,40,20,180
24,28,38,20,160
24,28,40,20,160
24,28,41,20,159
24,28,41,20,159
24,32,38,20,160
24,32,43,20,160
24,32,40,20,142
24,32,41,20,142
24,32,41,20,144
24,36,44,21,144
24,36,45,21,133
24,36,42,21,133
24,36,41,21,132
24,36,41,21,132
24,40,45,21,132
24,40,44,37,132
24,40,44,21,126
24,40,42,21,126
24,40,44,21,122
24,44,47,20,122
24,44,44,20,121
24,44,47,20,121
24,44,45,20,122
24,44,48,20,122
24,48,50,20,117
24,48,45,765,117
24,48,46,20,116
24,48,48,20,116
24,48,45,20,115
24,52,49,20,115
24,52,51,20,117
24,52,49,20,117
24,52,52,20,118
24,52,52,20,118
24,56,50,24,115
24,56,49,25,115
24,56,48,24,121
24,56,48,24,121
24,56,50,24,121
24,60,51,25,121
24,60,51,26,126
24,60,50,25,126
24,60,51,26,122
24,60,51,26,122
24,64,50,20,121
24,64,50,33,121
24,64,51,20,132
24,64,51,20,132
24,64,49,20,130
24,68,51,34,130
24,68,48,34,144
24,68,48,34,144
24,68,49,34,144
24,68,46,34,144
24,72,49,765,145
24,72,49,765,145
24,72,45,765,161
24,72,50,765,161
24,72,47,765,163
24,76,46,34,163
24,76,47,34,184
24,76,47,34,184
24,76,46,34,181
24,76,42,35,181
24,80,44,765,183
24,80,44,765,183
24,80,45,765,201
24,80,45,765,201
24,80,47,765,200
24,84,46,765,200
24,84,45,765,215
24,84,41,765,215
24,84,43,765,214
24,84,44,765,214
24,88,44,23,214
24,88,38,23,214
24,88,41,23,222
24,88,43,23,222
24,88,40,23,221
24,92,38,23,221
24,92,38,23,223
24,92,39,23,223
24,92,39,23,225
24,92,39,23,225
24,96,36,21,224
24,96,40,22,224
24,96,36,21,222
24,96,37,21,222
24,96,37,21,226
24,100,39,20,226
24,100,34,20,224
24,100,36,20,224
24,100,37,20,223
24,100,39,20,223
24,104,38,20,223
24,104,37,20,223
24,104,35,20,224
24,104,36,20,224
24,104,36,20,223
24,108,34,20,223
24,108,33,20,225
24,108,37,20,225
24,108,35,20,223
24,108,35,20,223
24,112,35,20,224
24,112,31,20,224
24,112,33,20,224
24,112,32,20,224
24,112,33,20,223
24,116,34,20,223
24,116,35,20,221
24,116,36,20,221
24,116,32,20,221
24,116,32,20,221
24,120,34,20,223
24,120,33,20,223
24,120,34,20,221
24,120,35,20,221
24,120,33,20,222
28,120,35,20,222
28,120,34,20,221
28,120,35,20,221
28,120,34,20,222
28,120,33,20,222
28,116,36,20,222
28,116,34,20,222
28,116,35,20,221
28,116,35,20,221
28,116,36,20,221
28,112,36,20,221
28,112,35,20,221
28,112,35,20,221
28,112,33,20,222
28,112,35,20,222
28,108,37,20,223
28,108,36,20,223
28,108,35,20,222
28,108,37,20,222
28,108,35,20,222
28,104,38,20,222
28,104,41,20,221
28,104,40,20,221
28,104,39,20,223
28,104,35,20,223
28,100,41,20,222
28,100,42,20,222
28,100,39,20,222
28,100,40,20,222
28,100,40,20,222
28,96,41,21,222
28,96,44,21,222
28,96,46,21,222
28,96,43,21,222
28,96,42,21,222
28,92,43,27,223
28,92,45,27,223
28,92,44,27,220
28,92,44,27,220
28,92,44,28,220
28,88,49,25,220
28,88,48,25,210
28,88,48,25,210
28,88,46,25,210
28,88,47,25,210
28,84,48,24,209
28,84,50,765,209
28,84,51,24,190
28,84,49,24,190
28,84,51,24,191
28,80,54,765,191
28,80,55,765,166
28,80,51,765,166
28,80,56,765,166
28,80,54,765,166
28,76,56,29,166
28,76,58,765,166
28,76,58,29,143
28,76,59,29,143
28,76,55,29,141
28,72,62,43,141
28,72,59,43,124
28,72,59,43,124
28,72,60,43,124
28,72,60,43,124
28,68,71,35,124
28,68,62,43,124
28,68,62,35,108
28,68,61,35,108
28,68,63,35,108
28,64,64,27,108
28,64,62,27,99
28,64,65,27,99
28,64,63,27,99
28,64,63,27,99
28,60,60,24,98
28,60,64,39,98
28,60,63,24,91
28,60,67,24,91
28,60,63,24,92
28,56,64,28,92
28,56,65,28,87
28,56,65,28,87
28,56,63,28,88
28,56,60,28,88
28,52,56,23,87
28,52,64,26,87
28,52,62,23,86
28,52,63,23,86
28,52,60,23,87
28,48,60,20,87
28,48,59,20,87
28,48,55,20,87
28,48,62,20,86
28,48,64,20,86
28,44,57,22,87
28,44,58,765,87
28,44,55,22,88
28,44,58,22,88
28,44,56,22,88
28,40,50,21,88
28,40,54,21,92
28,40,54,21,92
28,40,54,21,92
28,40,53,21,92
28,36,50,21,93
28,36,54,765,93
28,36,50,21,101
28,36,51,21,101
28,36,50,21,98
28,32,47,20,98
28,32,45,20,110
28,32,45,20,110
28,32,47,20,111
28,32,46,20,111
28,28,44,20,110
28,28,43,20,110
28,28,43,20,124
28,28,45,20,124
28,28,44,20,125
28,24,44,20,125
28,24,41,20,145
28,24,38,20,145
28,24,40,20,144
28,24,43,20,144
28,20,40,20,145
28,20,38,20,145
28,20,38,20,171
28,20,38,20,171
28,20,38,20,170
28,16,36,20,170
28,16,35,20,193
28,16,35,20,193
28,16,36,20,193
28,16,36,20,193
28,12,35,20,194
28,12,35,765,194
28,12,32,20,210
28,12,36,20,210
28,12,37,20,211
28,8,35,20,211
28,8,31,20,220
28,8,35,20,220
28,8,32,20,220
28,8,35,20,220
28,4,35,20,220
28,4,33,765,220
28,4,35,20,225
28,4,33,20,225
28,4,32,20,226
28,0,33,20,226
28,0,31,20,226
28,0,32,20,226
28,0,32,20,227
28,0,34,20,227
32,0,37,20,226
32,0,33,765,226
32,0,35,20,225
32,0,33,20,225
32,0,35,20,225
32,4,36,20,225
32,4,35,20,222
32,4,33,20,222
32,4,35,20,224
32,4,33,20,224
32,8,36,20,222
32,8,35,765,222
32,8,34,20,214
32,8,33,20,214
32,8,34,20,213
32,12,37,20,213
32,12,37,20,194
32,12,37,20,194
32,12,34,20,195
32,12,34,20,195
32,16,38,20,195
32,16,36,765,195
32,16,36,20,170
32,16,38,20,170
32,16,40,20,169
32,20,43,20,169
32,20,41,20,138
32,20,40,20,138
32,20,43,20,140
32,20,43,20,140
32,24,45,20,140
32,24,46,765,140
32,24,46,20,118
32,24,45,20,118
32,24,46,20,119
32,28,48,20,119
32,28,51,20,102
32,28,49,20,102
32,28,49,20,100
32,28,49,20,100
32,32,56,20,103
32,32,57,765,103
32,32,53,20,87
32,32,56,20,87
32,32,55,20,87
32,36,64,20,87
32,36,60,20,78
32,36,62,20,78
32,36,61,20,77
32,36,64,20,77
32,40,65,21,77
32,40,72,23,77
32,40,68,21,71
32,40,65,21,71
32,40,68,21,72
32,44,69,28,72
32,44,74,28,67
32,44,72,28,67
32,44,79,28,67
32,44,74,28,67
32,48,93,23,67
32,48,79,765,67
32,48,81,23,66
32,48,82,23,66
32,48,76,23,65
32,52,83,37,65
32,52,82,37,65
32,52,83,37,65
32,52,86,37,66
32,52,80,37,66
32,56,73,27,66
32,56,84,35,66
32,56,88,27,66
32,56,86,27,67
32,56,81,35,67
32,60,87,27,67
32,60,86,39,67
32,60,87,27,70
32,60,82,27,70
32,60,88,27,69
32,64,86,40,69
32,64,87,40,74
32,64,83,40,74
32,64,85,40,74
32,64,86,40,74
32,68,73,44,75
32,68,85,46,75
32,68,85,44,83
32,68,80,44,83
32,68,83,44,83
32,72,80,28,83
32,72,81,28,92
32,72,79,27,92
32,72,80,28,94
32,72,81,28,94
32,76,74,765,92
32,76,77,765,92
32,76,74,765,108
32,76,74,765,108
32,76,74,765,108
32,80,71,30,108
32,80,67,30,124
32,80,72,30,124
32,80,69,30,123
32,80,70,30,123
32,84,65,30,125
32,84,65,30,125
32,84,66,30,152
32,84,62,30,152
32,84,65,30,153
32,88,60,765,153
32,88,57,765,182
32,88,57,765,182
32,88,57,765,184
32,88,62,765,184
32,92,53,24,184
32,92,55,24,184
32,92,54,24,209
32,92,53,24,209
32,92,53,24,210
32,96,50,23,210
32,96,51,23,219
32,96,48,23,219
32,96,48,23,220
32,96,48,23,220
32,100,44,20,218
32,100,48,20,218
32,100,44,20,222
32,100,44,20,222
32,100,44,20,223
32,104,41,20,223
32,104,43,20,223
32,104,42,20,223
32,104,44,20,221
32,104,42,20,221
32,108,35,20,223
32,108,38,20,223
32,108,38,20,223
32,108,39,20,223
32,108,40,20,223
32,112,35,20,223
32,112,37,20,222
32,112,36,20,222
32,112,36,20,223
32,112,36,20,223
32,116,37,20,223
32,116,35,20,223
32,116,34,20,222
32,116,35,20,222
32,116,34,20,223
32,120,36,20,223
32,120,37,20,221
32,120,35,20,221
32,120,35,20,222
32,120,34,20,222
36,120,35,20,223
36,120,34,20,223
36,120,37,20,221
36,120,35,20,221
36,120,35,20,220
36,116,36,20,220
36,116,39,20,221
36,116,37,20,221
36,116,37,20,221
36,116,38,20,221
36,112,41,20,221
36,112,43,20,221
36,112,38,20,222
36,112,42,20,222
36,112,41,20,222
36,108,46,20,222
36,108,47,20,221
36,108,43,20,221
36,108,41,20,221
36,108,44,20,221
36,104,46,20,223
36,104,47,20,223
36,104,47,20,221
36,104,47,20,221
36,104,49,20,221
36,100,52,20,221
36,100,50,20,219
36,100,52,20,219
36,100,55,20,221
36,100,54,20,221
36,96,60,22,222
36,96,58,258,222
36,96,58,22,212
36,96,61,22,212
36,96,60,22,212
36,92,67,259,212
36,92,67,259,189
36,92,65,259,189
36,92,71,259,188
36,92,68,259,188
36,88,76,27,189
36,88,75,257,189
36,88,77,27,151
36,88,73,27,151
36,88,75,27,151
36,84,86,259,151
36,84,86,259,122
36,84,87,259,122
36,84,85,258,121
36,84,87,259,121
36,80,92,41,121
36,80,95,765,121
36,80,94,41,99
36,80,94,41,99
36,80,95,40,98
36,76,107,765,98
36,76,103,765,83
36,76,103,765,83
36,76,102,765,83
36,76,104,765,83
36,72,110,39,83
36,72,110,765,83
36,72,113,39,72
36,72,112,39,72
36,72,111,39,72
36,68,115,37,72
36,68,117,37,65
36,68,116,37,65
36,68,115,37,64
36,68,119,37,64
36,64,112,32,63
36,64,119,765,63
36,64,119,33,60
36,64,120,33,60
36,64,119,33,59
36,60,124,28,59
36,60,117,29,57
36,60,122,28,57
36,60,121,29,57
36,60,120,29,57
36,56,117,26,57
36,56,116,35,57
36,56,117,26,56
36,56,115,26,56
36,56,115,26,55
36,52,112,24,55
36,52,112,24,54
36,52,112,24,54
36,52,113,24,53
36,52,115,24,53
36,48,104,23,53
36,48,105,30,53
36,48,106,23,53
36,48,106,23,53
36,48,105,23,53
36,44,97,23,53
36,44,98,23,54
36,44,94,23,54
36,44,96,23,54
36,44,95,23,54
36,40,101,21,54
36,40,89,22,54
36,40,87,21,55
36,40,85,21,55
36,40,86,21,56
36,36,79,20,56
36,36,81,20,62
36,36,75,20,62
36,36,79,20,60
36,36,77,20,60
36,32,83,20,61
36,32,69,20,61
36,32,69,20,69
36,32,72,20,69
36,32,70,20,69
36,28,58,20,69
36,28,59,20,80
36,28,59,20,80
36,28,59,20,80
36,28,60,20,80
36,24,49,20,81
36,24,53,765,81
36,24,50,20,98
36,24,52,20,98
36,24,52,20,98
36,20,45,20,98
36,20,46,20,119
36,20,46,20,119
36,20,42,20,119
36,20,46,20,119
36,16,43,20,118
36,16,42,765,118
36,16,43,20,145
36,16,44,20,145
36,16,42,20,146
36,12,38,20,146
36,12,37,20,177
36,12,37,20,177
36,12,38,20,176
36,12,38,20,176
36,8,40,20,178
36,8,37,765,178
36,8,36,20,201
36,8,36,20,201
36,8,35,20,201
36,4,33,20,201
36,4,37,20,217
36,4,36,20,217
36,4,34,20,217
36,4,34,20,217
36,0,31,20,216
36,0,30,765,216
36,0,34,20,224
36,0,35,20,224
36,0,34,20,224
40,0,35,20,224
40,0,33,20,219
40,0,35,20,219
40,0,34,20,220
40,0,32,20,220
40,4,35,20,219
40,4,35,765,219
40,4,36,20,208
40,4,36,20,208
40,4,38,20,207
40,8,37,20,207
40,8,36,20,188
40,8,36,20,188
40,8,35,20,190
40,8,37,20,190
40,12,42,20,189
40,12,39,765,189
40,12,40,20,160
40,12,42,20,160
40,12,42,20,159
40,16,47,20,159
40,16,47,20,128
40,16,45,20,128
40,16,46,20,130
40,16,44,20,130
40,20,60,20,128
40,20,52,765,128
40,20,54,20,102
40,20,54,20,102
40,20,53,20,106
40,24,63,20,106
40,24,63,20,83
40,24,59,20,83
40,24,63,20,82
40,24,63,20,82
40,28,83,20,82
40,28,72,20,82
40,28,70,20,66
40,28,68,20,66
40,28,70,20,67
40,32,82,20,67
40,32,83,20,56
40,32,81,20,56
40,32,84,20,56
40,32,82,20,56
40,36,100,20,57
40,36,100,765,57
40,36,98,20,53
40,36,99,20,53
40,36,99,20,54
40,40,115,20,54
40,40,111,20,52
40,40,115,20,52
40,40,114,20,53
40,40,111,20,53
40,44,151,22,51
40,44,130,43,51
40,44,131,22,52
40,44,125,22,52
40,44,129,22,52
40,48,141,23,52
40,48,147,23,51
40,48,144,23,51
40,48,142,23,51
40,48,149,23,51
40,52,157,27,51
40,52,156,33,51
40,52,154,27,51
40,52,154,27,51
40,52,154,27,52
40,56,160,25,52
40,56,161,25,52
40,56,162,25,52
40,56,161,25,50
40,56,161,25,50
40,60,164,31,52
40,60,168,34,52
40,60,166,31,51
40,60,166,31,51
40,60,163,31,53
40,64,166,37,53
40,64,167,37,53
40,64,170,37,53
40,64,165,37,55
40,64,163,37,55
40,68,157,765,54
40,68,157,765,54
40,68,159,765,58
40,68,161,765,58
40,68,161,765,58
40,72,153,36,58
40,72,153,36,61
40,72,151,37,61
40,72,155,36,62
40,72,155,37,62
40,76,143,165,62
40,76,146,164,62
40,76,143,164,68
40,76,140,164,68
40,76,144,164,70
40,80,131,258,70
40,80,131,258,81
40,80,130,258,81
40,80,129,258,81
40,80,131,258,81
40,84,116,32,80
40,84,117,765,80
40,84,115,32,98
40,84,115,32,98
40,84,116,32,98
40,88,100,258,98
40,88,101,258,125
40,88,102,258,125
40,88,104,258,125
40,88,100,258,125
40,92,90,765,123
40,92,88,765,123
40,92,89,765,160
40,92,92,765,160
40,92,89,765,159
40,96,75,23,159
40,96,76,23,196
40,96,76,23,196
40,96,78,23,196
40,96,75,23,196
40,100,62,20,197
40,100,68,20,197
40,100,67,20,217
40,100,66,20,217
40,100,69,20,217
40,104,55,20,217
40,104,57,20,221
40,104,55,20,221
40,104,56,20,222
40,104,56,20,222
40,108,48,20,222
40,108,47,20,222
40,108,50,20,222
40,108,48,20,222
40,108,50,20,223
40,112,44,20,223
40,112,46,20,222
40,112,41,20,222
40,112,45,20,223
40,112,46,20,223
40,116,42,20,222
40,116,40,20,222
40,116,40,20,223
40,116,40,20,223
40,116,36,20,223
40,120,37,20,223
40,120,38,20,221
40,120,36,20,221
40,120,40,20,221
40,120,38,20,221
44,120,37,20,221
44,120,39,20,221
44,120,37,20,222
44,120,38,20,222
44,120,39,20,220
44,116,44,20,220
44,116,43,20,222
44,116,41,20,222
44,116,45,20,222
44,116,42,20,222
44,112,50,20,223
44,112,50,20,223
44,112,51,20,222
44,112,50,20,222
44,112,48,20,222
44,108,56,20,222
44,108,62,20,222
44,108,52,20,222
44,108,57,20,222
44,108,57,20,222
44,104,67,20,222
44,104,69,20,222
44,104,68,20,220
44,104,66,20,220
44,104,64,20,220
44,100,78,20,220
44,100,79,20,211
44,100,81,20,211
44,100,81,20,211
44,100,79,20,211
44,96,97,21,212
44,96,96,21,212
44,96,95,21,180
44,96,95,21,180
44,96,95,21,181
44,92,115,765,181
44,92,111,765,142
44,92,113,765,142
44,92,112,765,143
44,92,115,765,143
44,88,135,27,141
44,88,135,258,141
44,88,133,27,105
44,88,140,27,105
44,88,133,27,104
44,84,158,765,104
44,84,156,765,83
44,84,154,765,83
44,84,156,765,84
44,84,153,765,84
44,80,175,765,82
44,80,179,765,82
44,80,180,765,69
44,80,176,765,69
44,80,178,765,71
44,76,191,27,71
44,76,194,27,60
44,76,191,27,60
44,76,191,27,60
44,76,192,252,60
44,72,195,34,61
44,72,194,37,61
44,72,194,34,54
44,72,194,33,54
44,72,195,34,55
44,68,196,36,55
44,68,193,36,54
44,68,194,36,54
44,68,194,36,55
44,68,196,36,55
44,64,195,35,54
44,64,196,37,54
44,64,193,35,52
44,64,193,35,52
44,64,194,35,54
44,60,190,28,54
44,60,191,28,52
44,60,192,28,52
44,60,191,28,52
44,60,190,28,52
44,56,186,30,52
44,56,186,32,52
44,56,187,30,50
44,56,185,30,50
44,56,186,30,50
44,52,181,31,50
44,52,180,31,49
44,52,181,31,49
44,52,179,31,52
44,52,180,31,52
44,48,167,23,50
44,48,173,32,50
44,48,172,23,49
44,48,173,23,49
44,48,175,23,51
44,44,166,22,51
44,44,167,22,49
44,44,166,22,49
44,44,167,22,49
44,44,169,22,49
44,40,156,21,49
44,40,153,38,49
44,40,155,21,49
44,40,156,21,49
44,40,156,21,48
44,36,136,20,48
44,36,131,20,48
44,36,135,20,48
44,36,133,20,49
44,36,135,20,49
44,32,121,20,48
44,32,111,20,48
44,32,110,20,52
44,32,105,20,52
44,32,108,20,51
44,28,93,20,51
44,28,90,20,56
44,28,92,20,56
44,28,91,20,56
44,28,90,20,56
44,24,74,20,56
44,24,74,765,56
44,24,71,20,69
44,24,78,20,69
44,24,73,20,70
44,20,59,20,70
44,20,60,20,90
44,20,62,20,90
44,20,62,20,92
44,20,59,20,92
44,16,52,20,90
44,16,51,765,90
44,16,53,20,117
44,16,51,20,117
44,16,51,20,116
44,12,41,20,116
44,12,45,20,144
44,12,44,20,144
44,12,45,20,145
44,12,44,20,145
44,8,41,20,148
44,8,40,765,148
44,8,39,20,173
44,8,38,20,173
44,8,40,20,173
44,4,37,20,173
44,4,38,20,192
44,4,37,20,192
44,4,37,20,192
44,4,36,20,192
44,0,34,20,192
44,0,33,765,192
44,0,37,20,209
44,0,34,20,209
44,0,36,20,208
48,0,32,20,208
48,0,34,20,196
48,0,35,20,196
48,0,35,20,197
48,0,34,20,197
48,4,39,20,196
48,4,39,765,196
48,4,36,20,179
48,4,38,20,179
48,4,38,20,180
48,8,41,20,180
48,8,40,20,155
48,8,42,20,155
48,8,40,20,157
48,8,43,20,157
48,12,53,20,158
48,12,50,765,158
48,12,45,20,135
48,12,46,20,135
48,12,47,20,135
48,16,56,20,135
48,16,57,20,109
48,16,57,20,109
48,16,55,20,111
48,16,58,20,111
48,20,59,20,109
48,20,70,765,109
48,20,69,20,84
48,20,72,20,84
48,20,68,20,86
48,24,88,20,86
48,24,83,20,64
48,24,87,20,64
48,24,88,20,64
48,24,85,20,64
48,28,111,20,64
48,28,111,765,64
48,28,110,20,53
48,28,113,20,53
48,28,111,20,52
48,32,137,20,52
48,32,140,20,48
48,32,138,20,48
48,32,135,20,48
48,32,143,20,48
48,36,138,20,48
48,36,165,21,48
48,36,163,20,48
48,36,164,20,48
48,36,161,20,49
48,40,172,20,49
48,40,173,20,48
48,40,171,20,48
48,40,170,20,47
48,40,172,20,47
48,44,180,22,47
48,44,179,765,47
48,44,181,22,48
48,44,180,22,48
48,44,180,22,48
48,48,193,23,48
48,48,190,23,48
48,48,191,23,48
48,48,191,23,47
48,48,190,23,47
48,52,204,34,48
48,52,202,42,48
48,52,201,34,48
48,52,202,34,48
48,52,200,34,49
48,56,211,24,49
48,56,210,24,50
48,56,211,24,50
48,56,212,24,51
48,56,208,24,51
48,60,220,35,50
48,60,217,36,50
48,60,217,35,52
48,60,218,35,52
48,60,216,35,52
48,64,221,25,52
48,64,221,25,54
48,64,220,25,54
48,64,222,25,54
48,64,223,25,54
48,68,221,29,54
48,68,223,765,54
48,68,221,29,55
48,68,224,29,55
48,68,224,29,54
48,72,222,765,54
48,72,223,765,54
48,72,221,765,54
48,72,221,765,53
48,72,223,765,53
48,76,220,765,53
48,76,217,765,53
48,76,217,765,59
48,76,219,765,59
48,76,217,765,57
48,80,212,765,57
48,80,213,765,64
48,80,212,765,64
48,80,213,765,63
48,80,212,765,63
48,84,207,765,63
48,84,203,765,63
48,84,204,765,75
48,84,204,765,75
48,84,206,765,75
48,88,179,26,75
48,88,179,26,92
48,88,177,26,92
48,88,176,26,91
48,88,179,26,91
48,92,148,25,90
48,92,156,765,90
48,92,152,24,118
48,92,152,25,118
48,92,151,25,118
48,96,127,22,118
48,96,125,22,160
48,96,126,22,160
48,96,124,22,163
48,96,118,22,163
48,100,103,20,163
48,100,101,20,163
48,100,101,20,201
48,100,102,20,201
48,100,102,20,202
48,104,83,20,202
48,104,82,20,220
48,104,84,20,220
48,104,83,20,219
48,104,83,20,219
48,108,70,20,219
48,108,65,20,219
48,108,69,20,222
48,108,69,20,222
48,108,70,20,222
48,112,57,20,222
48,112,58,20,222
48,112,57,20,222
48,112,56,20,221
48,112,58,20,221
48,116,46,20,222
48,116,49,20,222
48,116,48,20,222
48,116,50,20,222
48,116,50,20,220
48,120,42,20,220
48,120,40,20,220
48,120,41,20,221
48,120,42,765,221
48,120,43,20,221
52,120,45,20,221
52,120,46,20,222
52,120,46,20,222
52,120,45,20,222
52,120,45,20,222
52,116,53,20,221
52,116,50,765,221
52,116,50,20,221
52,116,52,20,221
52,116,52,20,222
52,112,63,20,222
52,112,61,20,222
52,112,64,20,222
52,112,62,20,220
52,112,62,20,220
52,108,78,20,220
52,108,78,20,220
52,108,79,20,221
52,108,80,20,221
52,108,78,20,221
52,104,101,20,221
52,104,100,20,218
52,104,98,20,218
52,104,101,20,218
52,104,102,20,218
52,100,122,20,218
52,100,123,20,218
52,100,124,20,197
52,100,122,20,197
52,100,122,20,198
52,96,155,20,198
52,96,156,20,153
52,96,154,20,153
52,96,157,20,156
52,96,157,20,156
52,92,188,22,153
52,92,188,22,153
52,92,191,22,109
52,92,191,22,109
52,92,191,22,109
52,88,219,24,109
52,88,219,24,84
52,88,220,24,84
52,88,218,24,83
52,88,221,24,83
52,84,234,23,84
52,84,233,765,84
52,84,233,23,70
52,84,233,23,70
52,84,232,23,68
52,80,244,28,68
52,80,245,28,60
52,80,243,28,60
52,80,243,28,60
52,80,246,28,60
52,76,255,765,59
52,76,255,765,59
52,76,253,765,55
52,76,255,765,55
52,76,254,765,56
52,72,255,255,56
52,72,255,255,56
52,72,255,255,56
52,72,255,256,56
52,72,255,256,56
52,68,255,26,55
52,68,255,765,55
52,68,255,26,53
52,68,255,26,53
52,68,255,26,53
52,64,255,25,53
52,64,255,25,50
52,64,255,25,50
52,64,255,25,51
52,64,255,25,51
52,60,255,23,50
52,60,255,24,50
52,60,255,23,50
52,60,255,23,50
52,60,255,23,48
52,56,250,23,48
52,56,250,23,48
52,56,247,23,48
52,56,250,23,48
52,56,248,23,48
52,52,238,37,47
52,52,238,41,47
52,52,237,37,45
52,52,235,37,45
52,52,236,37,47
52,48,222,23,47
52,48,221,23,46
52,48,221,23,46
52,48,221,23,45
52,48,220,23,45
52,44,202,23,45
52,44,205,765,45
52,44,203,23,45
52,44,204,23,45
52,44,205,23,46
52,40,189,21,46
52,40,191,21,46
52,40,191,21,46
52,40,191,21,46
52,40,189,21,46
52,36,177,20,47
52,36,177,765,47
52,36,177,20,45
52,36,177,20,45
52,36,179,20,45
52,32,167,20,45
52,32,167,20,45
52,32,166,20,45
52,32,166,20,44
52,32,165,20,44
52,28,144,20,45
52,28,143,765,45
52,28,137,20,49
52,28,143,20,49
52,28,136,20,48
52,24,108,20,48
52,24,108,20,58
52,24,107,20,58
52,24,109,20,59
52,24,107,20,59
52,20,71,20,59
52,20,80,765,59
52,20,84,20,80
52,20,83,20,80
52,20,84,20,79
52,16,66,20,79
52,16,63,20,104
52,16,64,20,104
52,16,63,20,103
52,16,63,20,103
52,12,55,20,102
52,12,54,765,102
52,12,51,20,123
52,12,54,20,123
52,12,53,20,123
52,8,45,20,123
52,8,45,20,146
52,8,43,20,146
52,8,44,20,145
52,8,43,20,145
52,4,44,20,145
52,4,38,765,145
52,4,40,20,172
52,4,40,20,172
52,4,39,20,172
52,0,36,20,172
52,0,40,20,189
52,0,34,20,189
52,0,36,20,190
52,0,37,20,190
56,0,36,20,189
56,0,36,765,189
56,0,41,20,186
56,0,36,20,186
56,0,40,20,187
56,4,40,20,187
56,4,42,20,169
56,4,41,20,169
56,4,41,20,168
56,4,39,20,168
56,8,47,20,169
56,8,47,765,169
56,8,51,20,141
56,8,47,20,141
56,8,46,20,141
56,12,56,20,141
56,12,58,20,118
56,12,56,20,118
56,12,57,20,120
56,12,55,20,120
56,16,77,20,118
56,16,70,765,118
56,16,68,20,99
56,16,70,20,99
56,16,71,20,98
56,20,93,20,98
56,20,92,20,78
56,20,94,20,78
56,20,92,20,77
56,20,93,20,77
56,24,127,20,78
56,24,126,765,78
56,24,124,20,59
56,24,119,20,59
56,24,126,20,60
56,28,164,20,60
56,28,164,20,50
56,28,161,20,50
56,28,162,20,50
56,28,164,20,50
56,32,178,20,51
56,32,177,20,51
56,32,178,20,47
56,32,176,20,47
56,32,175,20,47
56,36,192,20,47
56,36,192,20,46
56,36,189,20,46
56,36,190,20,46
56,36,192,20,46
56,40,212,20,46
56,40,208,765,46
56,40,209,20,46
56,40,208,20,46
56,40,210,20,45
56,44,228,22,45
56,44,228,22,46
56,44,228,22,46
56,44,229,22,44
56,44,229,21,44
56,48,252,21,45
56,48,251,765,45
56,48,248,21,45
56,48,251,21,45
56,48,250,21,45
56,52,255,21,45
56,52,255,21,46
56,52,255,21,46
56,52,255,21,47
56,52,255,21,47
56,56,255,24,45
56,56,255,32,45
56,56,255,24,47
56,56,255,24,47
56,56,255,24,47
56,60,255,23,47
56,60,255,23,47
56,60,255,23,47
56,60,255,23,47
56,60,255,23,47
56,64,255,25,48
56,64,255,765,48
56,64,255,25,50
56,64,255,25,50
56,64,255,25,50
56,68,255,765,50
56,68,255,765,53
56,68,255,765,53
56,68,255,765,53
56,68,255,765,53
56,72,255,765,52
56,72,255,765,52
56,72,255,765,55
56,72,255,765,55
56,72,255,765,56
56,76,255,765,56
56,76,255,765,60
56,76,255,765,60
56,76,255,765,58
56,76,255,765,58
56,80,255,23,59
56,80,255,50,59
56,80,255,23,59
56,80,255,23,59
56,80,255,23,58
56,84,255,22,58
56,84,255,22,65
56,84,255,22,65
56,84,255,22,66
56,84,255,22,66
56,88,249,22,65
56,88,249,765,65
56,88,249,22,80
56,88,249,23,80
56,88,247,22,79
56,92,231,22,79
56,92,231,22,98
56,92,231,22,98
56,92,233,22,101
56,92,231,22,101
56,96,203,20,99
56,96,200,21,99
56,96,196,20,139
56,96,197,20,139
56,96,196,20,139
56,100,159,20,139
56,100,155,20,185
56,100,158,20,185
56,100,158,20,185
56,100,159,20,185
56,104,124,20,187
56,104,123,20,187
56,104,123,20,215
56,104,124,20,215
56,104,123,20,215
56,108,96,20,215
56,108,97,20,221
56,108,100,20,221
56,108,96,20,220
56,108,98,20,220
56,112,79,20,221
56,112,76,20,221
56,112,77,20,222
56,112,75,20,222
56,112,75,20,220
56,116,57,20,220
56,116,59,20,223
56,116,60,20,223
56,116,59,20,221
56,116,59,20,221
56,120,46,20,222
56,120,49,765,222
56,120,52,20,221
56,120,51,20,221
56,120,48,20,222
60,120,51,20,222
60,120,52,20,220
60,120,52,20,220
60,120,51,20,221
60,120,49,20,221
60,116,65,20,221
60,116,66,20,221
60,116,65,20,221
60,116,64,20,221
60,116,62,20,221
60,112,83,20,221
60,112,84,20,221
60,112,81,20,221
60,112,85,20,221
60,112,84,20,221
60,108,111,20,221
60,108,113,20,221
60,108,111,20,220
60,108,110,20,220
60,108,111,20,221
60,104,145,20,221
60,104,146,20,215
60,104,144,20,215
60,104,146,20,215
60,104,144,20,215
60,100,188,20,216
60,100,186,20,216
60,100,187,20,184
60,100,187,20,184
60,100,188,20,184
60,96,235,20,184
60,96,233,20,135
60,96,234,20,135
60,96,234,20,135
60,96,234,20,135
60,92,255,20,135
60,92,255,21,135
60,92,254,20,95
60,92,255,20,95
60,92,255,20,96
60,88,255,22,96
60,88,255,22,75
60,88,255,22,75
60,88,255,22,74
60,88,255,22,74
60,84,255,23,75
60,84,255,765,75
60,84,255,23,63
60,84,255,23,63
60,84,255,23,63
60,80,255,25,63
60,80,255,25,57
60,80,255,25,57
60,80,255,25,56
60,80,255,25,56
60,76,255,24,56
60,76,255,253,56
60,76,255,24,58
60,76,255,24,58
60,76,255,24,57
60,72,255,24,57
60,72,255,24,53
60,72,255,24,53
60,72,255,24,53
60,72,255,24,53
60,68,255,23,53
60,68,255,765,53
60,68,255,23,50
60,68,255,23,50
60,68,255,23,51
60,64,255,22,51
60,64,255,22,46
60,64,255,22,46
60,64,255,22,46
60,64,255,22,46
60,60,255,37,46
60,60,255,39,46
60,60,255,37,46
60,60,255,37,46
60,60,255,37,46
60,56,255,21,46
60,56,255,21,43
60,56,255,21,43
60,56,255,21,44
60,56,255,21,44
60,52,255,20,43
60,52,255,765,43
60,52,255,20,42
60,52,255,20,42
60,52,255,20,41
60,48,255,20,41
60,48,255,20,42
60,48,255,20,42
60,48,255,20,43
60,48,255,20,43
60,44,255,21,43
60,44,255,765,43
60,44,255,21,43
60,44,255,21,43
60,44,255,21,42
60,40,243,20,42
60,40,242,20,43
60,40,243,20,43
60,40,242,20,43
60,40,243,20,43
60,36,217,20,43
60,36,218,20,43
60,36,216,20,45
60,36,214,20,45
60,36,214,20,46
60,32,194,20,46
60,32,193,20,46
60,32,191,20,46
60,32,192,20,47
60,32,192,20,47
60,28,177,20,46
60,28,176,20,46
60,28,177,20,47
60,28,174,20,47
60,28,176,20,48
60,24,147,20,48
60,24,150,20,58
60,24,150,20,58
60,24,149,20,57
60,24,149,20,57
60,20,116,20,56
60,20,108,765,56
60,20,110,20,75
60,20,111,20,75
60,20,106,20,75
60,16,78,20,75
60,16,80,20,97
60,16,81,20,97
60,16,77,20,97
60,16,80,20,97
60,12,66,20,97
60,12,62,765,97
60,12,64,20,118
60,12,62,20,118
60,12,60,20,118
60,8,49,20,118
60,8,52,20,137
60,8,49,20,137
60,8,48,20,136
60,8,50,20,136
60,4,43,20,133
60,4,42,765,133
60,4,43,20,156
60,4,44,20,156
60,4,42,20,156
60,0,38,20,156
60,0,39,20,179
60,0,40,20,179
60,0,43,20,179
60,0,39,20,179
64,0,38,20,178
64,0,39,765,178
64,0,41,20,182
64,0,38,20,182
64,0,39,20,183
64,4,43,20,183
64,4,46,20,159
64,4,47,20,159
64,4,44,20,158
64,4,46,20,158
64,8,52,20,159
64,8,51,765,159
64,8,49,20,138
64,8,53,20,138
64,8,48,20,135
64,12,64,20,135
64,12,64,20,117
64,12,63,20,117
64,12,63,20,118
64,12,66,20,118
64,16,79,20,119
64,16,89,765,119
64,16,85,20,97
64,16,86,20,97
64,16,86,20,97
64,20,118,20,97
64,20,118,20,75
64,20,119,20,75
64,20,117,20,74
64,20,117,20,74
64,24,169,20,76
64,24,166,765,76
64,24,165,20,58
64,24,164,20,58
64,24,165,20,59
64,28,185,20,59
64,28,184,20,49
64,28,186,20,49
64,28,184,20,47
64,28,182,20,47
64,32,208,20,48
64,32,207,765,48
64,32,207,20,46
64,32,205,20,46
64,32,205,20,46
64,36,234,20,46
64,36,233,20,46
64,36,235,20,46
64,36,234,20,46
64,36,233,20,46
64,40,255,20,46
64,40,255,21,46
64,40,255,20,44
64,40,255,20,44
64,40,255,20,43
64,44,255,20,43
64,44,255,20,41
64,44,255,20,41
64,44,255,20,41
64,44,255,20,41
64,48,255,20,40
64,48,255,21,40
64,48,255,20,42
64,48,255,20,42
64,48,255,20,42
64,52,255,20,42
64,52,255,20,41
64,52,255,20,41
64,52,255,20,43
64,52,255,20,43
64,56,255,20,43
64,56,255,22,43
64,56,255,20,44
64,56,255,20,44
64,56,255,20,44
64,60,255,22,44
64,60,255,22,46
64,60,255,22,46
64,60,255,22,46
64,60,255,22,46
64,64,255,21,46
64,64,255,765,46
64,64,255,21,47
64,64,255,21,47
64,64,255,21,48
64,68,255,21,48
64,68,255,21,49
64,68,255,21,49
64,68,255,21,51
64,68,255,21,51
64,72,255,22,50
64,72,255,24,50
64,72,255,22,54
64,72,255,22,54
64,72,255,22,53
64,76,255,22,53
64,76,255,22,56
64,76,255,22,56
64,76,255,22,57
64,76,255,22,57
64,80,255,23,56
64,80,255,25,56
64,80,255,23,61
64,80,255,23,61
64,80,255,23,56
64,84,255,22,56
64,84,255,22,62
64,84,255,22,62
64,84,255,22,63
64,84,255,22,63
64,88,255,21,62
64,88,255,22,62
64,88,255,21,73
64,88,255,21,73
64,88,255,21,73
64,92,255,20,73
64,92,255,20,90
64,92,255,20,90
64,92,255,20,90
64,92,255,20,90
64,96,255,20,91
64,96,255,20,91
64,96,255,20,127
64,96,255,20,127
64,96,255,20,126
64,100,227,20,126
64,100,224,20,175
64,100,225,20,175
64,100,226,20,180
64,100,226,20,180
64,104,174,20,176
64,104,172,20,176
64,104,176,20,213
64,104,175,20,213
64,104,174,20,213
64,108,131,20,213
64,108,129,20,221
64,108,129,20,221
64,108,130,20,222
64,108,133,20,222
64,112,96,20,220
64,112,95,765,220
64,112,102,20,220
64,112,96,20,220
64,112,98,20,220
64,116,72,20,220
64,116,74,20,222
64,116,70,20,222
64,116,74,20,222
64,116,75,20,222
64,120,60,20,220
64,120,59,765,220
64,120,56,20,221
64,120,56,20,221
64,120,56,20,221
68,120,62,20,221
68,120,61,20,220
68,120,57,20,220
68,120,58,20,221
68,120,60,20,221
68,116,79,20,221
68,116,77,765,221
68,116,77,20,221
68,116,80,20,221
68,116,74,20,220
68,112,103,20,220
68,112,106,20,221
68,112,107,20,221
68,112,106,20,221
68,112,105,20,221
68,108,144,20,221
68,108,145,20,221
68,108,143,20,221
68,108,147,20,221
68,108,145,20,220
68,104,191,20,220
68,104,188,20,215
68,104,195,20,215
68,104,193,20,213
68,104,191,20,213
68,100,248,20,215
68,100,251,20,215
68,100,251,20,182
68,100,250,20,182
68,100,252,20,179
68,96,255,20,179
68,96,255,20,126
68,96,255,20,126
68,96,255,20,128
68,96,255,20,128
68,92,255,20,127
68,92,255,20,127
68,92,255,20,91
68,92,255,20,91
68,92,255,20,91
68,88,255,20,91
68,88,255,20,74
68,88,255,20,74
68,88,255,20,73
68,88,255,20,73
68,84,255,20,72
68,84,255,20,72
68,84,255,20,62
68,84,255,20,62
68,84,255,20,60
68,80,255,21,60
68,80,255,21,58
68,80,255,21,58
68,80,255,21,58
68,80,255,21,58
68,76,255,21,54
68,76,255,765,54
68,76,255,21,54
68,76,255,21,54
68,76,255,21,53
68,72,255,22,53
68,72,255,22,52
68,72,255,22,52
68,72,255,22,52
68,72,255,22,52
68,68,255,23,52
68,68,255,24,52
68,68,255,23,50
68,68,255,23,50
68,68,255,23,50
68,64,255,22,50
68,64,255,22,47
68,64,255,22,47
68,64,255,22,47
68,64,255,22,47
68,60,255,22,47
68,60,255,765,47
68,60,255,22,44
68,60,255,22,44
68,60,255,22,45
68,56,255,22,45
68,56,255,22,42
68,56,255,22,42
68,56,255,22,42
68,56,255,22,42
68,52,255,21,42
68,52,255,22,42
68,52,255,21,41
68,52,255,21,41
68,52,255,21,40
68,48,255,21,40
68,48,255,21,39
68,48,255,21,39
68,48,255,21,39
68,48,255,21,39
68,44,255,20,39
68,44,255,21,39
68,44,255,20,40
68,44,255,20,40
68,44,255,20,41
68,40,255,20,41
68,40,255,20,41
68,40,255,20,41
68,40,255,20,43
68,40,255,20,43
68,36,255,20,43
68,36,255,20,43
68,36,255,20,43
68,36,255,20,43
68,36,255,20,44
68,32,231,20,44
68,32,230,20,44
68,32,231,20,44
68,32,231,20,44
68,32,230,20,44
68,28,200,20,45
68,28,200,20,45
68,28,201,20,47
68,28,201,20,47
68,28,200,20,46
68,24,179,20,46
68,24,178,20,56
68,24,178,20,56
68,24,176,20,56
68,24,180,20,56
68,20,133,20,56
68,20,134,20,56
68,20,136,20,73
68,20,138,20,73
68,20,134,20,73
68,16,96,20,73
68,16,96,20,94
68,16,98,20,94
68,16,92,20,93
68,16,95,20,93
68,12,65,20,95
68,12,68,765,95
68,12,68,20,117
68,12,69,20,117
68,12,68,20,117
68,8,55,20,117
68,8,53,20,138
68,8,52,20,138
68,8,55,20,138
68,8,54,20,138
68,4,47,20,137
68,4,43,765,137
68,4,47,20,162
68,4,46,20,162
68,4,48,20,163
68,0,42,20,163
68,0,39,20,192
68,0,40,20,192
68,0,40,20,191
68,0,42,20,191
72,0,45,20,192
72,0,41,765,192
72,0,42,20,194
72,0,43,20,194
72,0,43,20,194
72,4,47,20,194
72,4,48,20,171
72,4,48,20,171
72,4,49,20,171
72,4,48,20,171
72,8,54,20,171
72,8,56,765,171
72,8,55,20,145
72,8,55,20,145
72,8,55,20,143
72,12,72,20,143
72,12,72,20,120
72,12,73,20,120
72,12,71,20,121
72,12,71,20,121
72,16,97,20,119
72,16,98,765,119
72,16,100,20,97
72,16,99,20,97
72,16,98,20,97
72,20,139,20,97
72,20,141,20,76
72,20,140,20,76
72,20,141,20,76
72,20,143,20,76
72,24,184,20,75
72,24,184,20,75
72,24,185,20,58
72,24,184,20,58
72,24,182,20,58
72,28,207,20,58
72,28,208,20,47
72,28,209,20,47
72,28,209,20,49
72,28,208,20,49
72,32,241,20,48
72,32,243,765,48
72,32,242,20,46
72,32,241,20,46
72,32,243,20,46
72,36,255,20,46
72,36,255,20,45
72,36,255,20,45
72,36,255,20,45
72,36,255,20,45
72,40,255,20,44
72,40,255,20,44
72,40,255,20,44
72,40,255,20,42
72,40,255,765,42
72,44,255,20,43
72,44,255,21,43
72,44,255,20,41
72,44,255,20,41
72,44,255,20,42
72,48,255,20,42
72,48,255,20,42
72,48,255,20,42
72,48,255,20,43
72,48,255,20,43
72,52,255,20,42
72,52,255,765,42
72,52,255,20,43
72,52,255,20,43
72,52,255,20,44
72,56,255,21,44
72,56,255,21,47
72,56,255,21,47
72,56,255,21,45
72,56,255,21,45
72,60,255,21,45
72,60,255,24,45
72,60,255,21,47
72,60,255,21,47
72,60,255,21,46
72,64,255,21,46
72,64,255,21,49
72,64,255,21,49
72,64,255,21,50
72,64,255,21,50
72,68,255,21,49
72,68,255,22,49
72,68,255,21,50
72,68,255,21,50
72,68,255,21,51
72,72,255,21,51
72,72,255,21,52
72,72,255,21,52
72,72,255,21,53
72,72,255,21,53
72,76,255,21,53
72,76,255,21,53
72,76,255,21,56
72,76,255,21,56
72,76,255,21,56
72,80,255,20,56
72,80,255,20,54
72,80,255,20,54
72,80,255,20,54
72,80,255,20,54
72,84,255,20,59
72,84,255,21,59
72,84,255,20,61
72,84,255,20,61
72,84,255,20,62
72,88,255,20,62
72,88,255,20,73
72,88,255,20,73
72,88,255,20,73
72,88,255,20,73
72,92,255,20,73
72,92,255,20,73
72,92,255,20,90
72,92,255,20,90
72,92,255,20,90
72,96,255,20,91
72,96,255,20,91
72,96,255,20,121
72,96,255,20,121
72,96,255,20,122
72,100,255,20,122
72,100,255,20,171
72,100,255,20,171
72,100,255,20,172
72,100,255,20,172
72,104,223,20,172
72,104,221,20,172
72,104,222,20,213
72,104,222,20,213
72,104,221,20,212
72,108,168,20,212
72,108,166,20,220
72,108,163,20,220
72,108,163,20,222
72,108,166,20,222
72,112,121,20,219
72,112,123,765,219
72,112,120,20,221
72,112,122,20,221
72,112,121,20,220
72,116,86,20,220
72,116,87,20,220
72,116,87,20,220
72,116,88,20,222
72,116,87,20,222
72,120,62,20,220
72,120,66,765,220
72,120,64,20,221
72,120,63,20,221
72,120,68,20,221
76,120,67,20,221
76,120,67,20,221
76,120,66,20,221
76,120,69,20,220
76,120,65,20,220
76,116,91,20,220
76,116,90,765,220
76,116,89,20,222
76,116,89,20,222
76,116,88,20,222
76,112,123,20,222
76,112,123,20,222
76,112,123,20,222
76,112,127,20,222
76,112,122,20,222
76,108,174,20,221
76,108,171,765,221
76,108,174,20,219
76,108,174,20,219
76,108,173,20,221
76,104,235,20,221
76,104,234,20,213
76,104,236,20,213
76,104,238,20,214
76,104,235,20,214
76,100,255,20,213
76,100,255,765,213
76,100,255,20,181
76,100,255,20,181
76,100,255,20,179
76,96,255,20,179
76,96,255,20,131
76,96,255,20,131
76,96,255,20,130
76,96,255,20,130
76,92,255,20,131
76,92,255,20,131
76,92,255,20,94
76,92,255,20,94
76,92,255,20,93
76,88,255,20,93
76,88,255,20,73
76,88,255,20,73
76,88,255,20,74
76,88,255,20,74
76,84,255,20,75
76,84,255,20,75
76,84,255,20,63
76,84,255,20,63
76,84,255,20,63
76,80,255,20,63
76,80,255,20,59
76,80,255,20,59
76,80,255,20,61
76,80,255,20,61
76,76,255,20,54
76,76,255,20,54
76,76,255,20,54
76,76,255,20,54
76,76,255,20,53
76,72,255,20,53
76,72,255,20,53
76,72,255,20,53
76,72,255,20,51
76,72,255,20,51
76,68,255,20,52
76,68,255,20,52
76,68,255,20,51
76,68,255,20,51
76,68,255,20,50
76,64,255,20,50
76,64,255,20,49
76,64,255,20,49
76,64,255,20,49
76,64,255,20,49
76,60,255,20,50
76,60,255,21,50
76,60,255,20,45
76,60,255,20,45
76,60,255,20,46
76,56,255,20,46
76,56,255,20,46
76,56,255,20,46
76,56,255,20,44
76,56,255,20,44
76,52,255,20,45
76,52,255,20,45
76,52,255,20,43
76,52,255,20,43
76,52,255,20,44
76,48,255,20,44
76,48,255,20,42
76,48,255,20,42
76,48,255,20,43
76,48,255,20,43
76,44,255,20,43
76,44,255,20,43
76,44,255,20,41
76,44,255,20,41
76,44,255,20,42
76,40,255,20,42
76,40,255,20,43
76,40,255,20,43
76,40,255,20,43
76,40,255,20,43
76,36,255,20,44
76,36,255,765,44
76,36,255,20,46
76,36,255,20,46
76,36,255,20,46
76,32,255,20,46
76,32,255,20,46
76,32,255,20,46
76,32,255,20,45
76,32,255,20,45
76,28,225,20,46
76,28,224,765,46
76,28,226,20,47
76,28,225,20,47
76,28,225,20,47
76,24,193,20,47
76,24,192,20,56
76,24,194,20,56
76,24,194,20,56
76,24,192,20,56
76,20,165,20,57
76,20,154,765,57
76,20,157,20,74
76,20,155,20,74
76,20,158,20,75
76,16,104,20,75
76,16,106,20,97
76,16,106,20,97
76,16,105,20,96
76,16,106,20,96
76,12,78,20,99
76,12,78,765,99
76,12,78,20,125
76,12,76,20,125
76,12,74,20,122
76,8,57,20,122
76,8,59,20,150
76,8,58,20,150
76,8,56,20,149
76,8,58,20,149
76,4,51,20,148
76,4,46,765,148
76,4,51,20,174
76,4,48,20,174
76,4,50,20,175
76,0,44,20,175
76,0,44,20,200
76,0,46,20,200
76,0,43,20,199
76,0,44,20,199
80,0,41,20,200
80,0,41,765,200
80,0,47,20,203
80,0,44,20,203
80,0,43,20,206
80,4,50,20,206
80,4,48,20,183
80,4,53,20,183
80,4,50,20,184
80,4,48,20,184
80,8,58,20,184
80,8,59,765,184
80,8,57,20,157
80,8,57,20,157
80,8,60,20,159
80,12,77,20,159
80,12,74,20,127
80,12,76,20,127
80,12,75,20,128
80,12,74,20,128
80,16,101,20,129
80,16,104,765,129
80,16,107,20,100
80,16,107,20,100
80,16,104,20,100
80,20,161,20,100
80,20,159,20,78
80,20,155,20,78
80,20,156,20,77
80,20,158,20,77
80,24,195,20,77
80,24,197,20,77
80,24,197,20,60
80,24,196,20,60
80,24,195,20,59
80,28,230,20,59
80,28,229,20,49
80,28,231,20,49
80,28,230,20,49
80,28,228,20,49
80,32,255,20,50
80,32,255,765,50
80,32,255,20,48
80,32,255,20,48
80,32,255,20,47
80,36,255,20,47
80,36,255,20,49
80,36,255,20,49
80,36,255,20,49
80,36,255,20,49
80,40,255,20,50
80,40,255,20,50
80,40,255,20,48
80,40,255,20,48
80,40,255,20,49
80,44,255,20,49
80,44,255,20,46
80,44,255,20,46
80,44,255,20,46
80,44,255,20,46
80,48,255,20,46
80,48,255,20,46
80,48,255,20,46
80,48,255,20,46
80,48,255,20,46
80,52,255,20,46
80,52,255,20,47
80,52,255,20,47
80,52,255,20,48
80,52,255,20,48
80,56,255,20,47
80,56,255,20,47
80,56,255,20,49
80,56,255,20,49
80,56,255,20,47
80,60,255,20,47
80,60,255,20,50
80,60,255,20,50
80,60,255,20,49
80,60,255,20,49
80,64,255,20,50
80,64,255,20,50
80,64,255,20,52
80,64,255,20,52
80,64,255,20,52
80,68,255,20,52
80,68,255,20,52
80,68,255,20,52
80,68,255,20,54
80,68,255,20,54
80,72,255,20,54
80,72,255,20,54
80,72,255,20,55
80,72,255,20,55
80,72,255,20,55
80,76,255,20,55
80,76,255,20,59
80,76,255,20,59
80,76,255,20,59
80,76,255,20,59
80,80,255,20,59
80,80,255,20,59
80,80,255,20,59
80,80,255,20,59
80,80,255,20,59
80,84,255,20,59
80,84,255,20,64
80,84,255,20,64
80,84,255,20,66
80,84,255,20,66
80,88,255,20,67
80,88,255,765,67
80,88,255,20,79
80,88,255,20,79
80,88,255,20,78
80,92,255,20,78
80,92,255,20,97
80,92,255,20,97
80,92,255,20,98
80,92,255,20,98
80,96,255,20,97
80,96,255,765,97
80,96,255,20,134
80,96,255,20,134
80,96,255,20,136
80,100,255,20,136
80,100,255,20,180
80,100,255,20,180
80,100,255,20,181
80,100,255,20,181
80,104,249,20,182
80,104,248,765,182
80,104,249,20,214
80,104,249,20,214
80,104,249,20,214
80,108,189,20,214
80,108,188,20,220
80,108,188,20,220
80,108,189,20,220
80,108,191,20,220
80,112,135,20,220
80,112,135,765,220
80,112,134,20,221
80,112,137,20,221
80,112,138,20,221
80,116,97,20,221
80,116,96,20,222
80,116,97,20,222
80,116,94,20,220
80,116,97,20,220
80,120,67,20,221
80,120,65,765,221
80,120,71,20,221
80,120,71,20,221
80,120,69,20,220
84,120,67,20,220
84,120,72,20,219
84,120,69,20,219
84,120,71,20,220
84,120,71,20,220
84,116,96,20,220
84,116,96,765,220
84,116,93,20,220
84,116,94,20,220
84,116,93,20,221
84,112,132,20,221
84,112,134,20,222
84,112,133,20,222
84,112,131,20,221
84,112,131,20,221
84,108,190,20,221
84,108,187,765,221
84,108,186,20,220
84,108,190,20,220
84,108,188,20,220
84,104,246,20,220
84,104,245,20,216
84,104,246,20,216
84,104,245,20,216
84,104,246,20,216
84,100,255,20,216
84,100,255,20,216
84,100,255,20,193
84,100,255,20,193
84,100,255,20,193
84,96,255,20,193
84,96,255,20,152
84,96,255,20,152
84,96,255,20,151
84,96,255,20,151
84,92,255,20,152
84,92,255,765,152
84,92,255,20,110
84,92,255,20,110
84,92,255,20,110
84,88,255,20,110
84,88,255,20,87
84,88,255,20,87
84,88,255,20,86
84,88,255,20,86
84,84,255,20,86
84,84,255,20,86
84,84,255,20,72
84,84,255,20,72
84,84,255,20,73
84,80,255,20,73
84,80,255,20,62
84,80,255,20,62
84,80,255,20,63
84,80,255,20,63
84,76,255,20,64
84,76,255,765,64
84,76,255,20,58
84,76,255,20,58
84,76,255,20,57
84,72,255,20,57
84,72,255,20,58
84,72,255,20,58
84,72,255,20,58
84,72,255,20,58
84,68,255,20,57
84,68,255,765,57
84,68,255,20,55
84,68,255,20,55
84,68,255,20,55
84,64,255,20,55
84,64,255,20,52
84,64,255,20,52
84,64,255,20,54
84,64,255,20,54
84,60,255,20,53
84,60,255,20,53
84,60,255,20,52
84,60,255,20,52
84,60,255,20,52
84,56,255,20,52
84,56,255,20,50
84,56,255,20,50
84,56,255,20,49
84,56,255,20,49
84,52,255,20,51
84,52,255,20,51
84,52,255,20,50
84,52,255,20,50
84,52,255,20,50
84,48,255,20,50
84,48,255,20,50
84,48,255,20,50
84,48,255,20,49
84,48,255,20,49
84,44,255,20,47
84,44,255,20,47
84,44,255,20,49
84,44,255,20,49
84,44,255,20,49
84,40,255,20,49
84,40,255,20,50
84,40,255,20,50
84,40,255,20,49
84,40,255,20,49
84,36,255,20,50
84,36,255,765,50
84,36,255,20,50
84,36,255,20,50
84,36,255,20,50
84,32,255,20,50
84,32,255,20,49
84,32,255,20,49
84,32,255,20,49
84,32,255,20,49
84,28,245,20,49
84,28,243,765,49
84,28,242,20,51
84,28,244,20,51
84,28,243,20,50
84,24,204,20,50
84,24,205,20,60
84,24,206,20,60
84,24,205,20,59
84,24,206,20,59
84,20,169,20,61
84,20,167,765,61
84,20,169,20,80
84,20,165,20,80
84,20,169,20,78
84,16,112,20,78
84,16,112,20,104
84,16,113,20,104
84,16,111,20,104
84,16,112,20,104
84,12,81,20,103
84,12,77,765,103
84,12,81,20,130
84,12,79,20,130
84,12,78,20,132
84,8,60,20,132
84,8,61,20,163
84,8,60,20,163
84,8,59,20,160
84,8,59,20,160
84,4,53,20,161
84,4,55,765,161
84,4,50,20,188
84,4,50,20,188
84,4,49,20,188
84,0,45,20,188
84,0,41,20,209
84,0,47,20,209
84,0,42,20,209
84,0,42,20,209
88,0,41,20,209
88,0,44,765,209
88,0,43,20,214
88,0,42,20,214
88,0,40,20,214
88,4,50,20,214
88,4,49,20,199
88,4,50,20,199
88,4,49,20,198
88,4,50,20,198
88,8,62,20,197
88,8,60,765,197
88,8,57,20,170
88,8,58,20,170
88,8,59,20,172
88,12,77,20,172
88,12,75,20,140
88,12,76,20,140
88,12,76,20,136
88,12,76,20,136
88,16,109,20,139
88,16,107,765,139
88,16,110,20,109
88,16,106,20,109
88,16,109,20,110
88,20,160,20,110
88,20,160,20,84
88,20,162,20,84
88,20,160,20,85
88,20,160,20,85
88,24,207,20,84
88,24,204,765,84
88,24,206,20,67
88,24,205,20,67
88,24,204,20,65
88,28,244,20,65
88,28,243,20,55
88,28,245,20,55
88,28,241,20,55
88,28,241,20,55
88,32,255,20,55
88,32,255,765,55
88,32,255,20,51
88,32,255,20,51
88,32,255,20,52
88,36,255,20,52
88,36,255,20,53
88,36,255,20,53
88,36,255,20,53
88,36,255,20,53
88,40,255,20,54
88,40,255,765,54
88,40,255,20,55
88,40,255,20,55
88,40,255,20,52
88,44,255,20,52
88,44,255,20,53
88,44,255,20,53
88,44,255,20,54
88,44,255,20,54
88,48,255,20,53
88,48,255,20,53
88,48,255,20,53
88,48,255,20,53
88,48,255,20,51
88,52,255,20,51
88,52,255,20,54
88,52,255,20,54
88,52,255,20,55
88,52,255,20,55
88,56,255,20,54
88,56,255,20,54
88,56,255,20,53
88,56,255,20,53
88,56,255,20,53
88,60,255,20,53
88,60,255,20,56
88,60,255,20,56
88,60,255,20,55
88,60,255,20,55
88,64,255,20,56
88,64,255,765,56
88,64,255,20,58
88,64,255,20,58
88,64,255,20,59
88,68,255,20,59
88,68,255,20,61
88,68,255,20,61
88,68,255,20,56
88,68,255,20,56
88,72,255,20,62
88,72,255,765,62
88,72,255,20,60
88,72,255,20,60
88,72,255,20,60
88,76,255,20,60
88,76,255,20,65
88,76,255,20,65
88,76,255,20,64
88,76,255,20,64
88,80,255,20,64
88,80,255,765,64
88,80,255,20,73
88,80,255,20,73
88,80,255,20,73
88,84,255,20,73
88,84,255,20,82
88,84,255,20,82
88,84,255,20,83
88,84,255,20,83
88,88,255,20,82
88,88,255,765,82
88,88,255,20,97
88,88,255,20,97
88,88,255,20,98
88,92,255,20,98
88,92,255,20,125
88,92,255,20,125
88,92,255,20,124
88,92,255,20,124
88,96,255,20,124
88,96,255,765,124
88,96,255,20,169
88,96,255,20,169
88,96,255,20,167
88,100,255,20,167
88,100,255,20,202
88,100,255,20,202
88,100,255,20,203
88,100,255,20,203
88,104,249,20,203
88,104,246,765,203
88,104,247,20,219
88,104,246,20,219
88,104,247,20,218
88,108,192,20,218
88,108,193,20,219
88,108,194,20,219
88,108,192,20,221
88,108,193,20,221
88,112,138,20,221
88,112,141,765,221
88,112,141,20,221
88,112,136,20,221
88,112,136,20,221
88,116,96,20,221
88,116,97,20,220
88,116,97,20,220
88,116,97,20,220
88,116,97,20,220
88,120,68,20,221
88,120,68,765,221
88,120,68,20,220
88,120,67,20,220
88,120,68,20,221
92,120,67,20,221
92,120,69,20,220
92,120,70,20,220
92,120,70,20,220
92,120,66,20,220
92,116,92,20,221
92,116,91,765,221
92,116,92,20,220
92,116,91,20,220
92,116,90,20,220
92,112,130,20,220
92,112,128,20,221
92,112,129,20,221
92,112,129,20,222
92,112,131,20,222
92,108,187,20,220
92,108,183,765,220
92,108,183,20,222
92,108,183,20,222
92,108,185,20,220
92,104,238,20,220
92,104,237,20,220
92,104,236,20,220
92,104,238,20,220
92,104,236,20,220
92,100,255,20,220
92,100,255,765,220
92,100,255,20,211
92,100,255,20,211
92,100,255,20,212
92,96,255,20,212
92,96,255,20,186
92,96,255,20,186
92,96,255,20,188
92,96,255,20,188
92,92,255,20,187
92,92,255,765,187
92,92,255,20,151
92,92,255,20,151
92,92,255,20,151
92,88,255,20,151
92,88,255,20,116
92,88,255,20,116
92,88,255,20,118
92,88,255,20,118
92,84,255,20,116
92,84,255,765,116
92,84,255,20,95
92,84,255,20,95
92,84,255,20,95
92,80,255,20,95
92,80,255,20,82
92,80,255,20,82
92,80,255,20,82
92,80,255,20,82
92,76,255,20,82
92,76,255,765,82
92,76,255,20,73
92,76,255,20,73
92,76,255,20,73
92,72,255,20,73
92,72,255,20,66
92,72,255,20,66
92,72,255,20,67
92,72,255,20,67
92,68,255,20,66
92,68,255,765,66
92,68,255,20,61
92,68,255,20,61
92,68,255,20,61
92,64,255,20,61
92,64,255,20,56
92,64,255,20,56
92,64,255,20,57
92,64,255,20,57
92,60,255,20,57
92,60,255,20,57
92,60,255,20,54
92,60,255,20,54
92,60,255,20,55
92,56,255,20,55
92,56,255,20,56
92,56,255,20,56
92,56,255,20,56
92,56,255,20,56
92,52,255,20,57
92,52,255,20,57
92,52,255,20,57
92,52,255,20,57
92,52,255,20,56
92,48,255,20,56
92,48,255,20,56
92,48,255,20,56
92,48,255,20,56
92,48,255,20,56
92,44,255,20,56
92,44,255,20,56
92,44,255,20,57
92,44,255,20,57
92,44,255,20,58
92,40,255,20,58
92,40,255,20,57
92,40,255,20,57
92,40,255,20,56
92,40,255,20,56
92,36,255,20,58
92,36,255,765,58
92,36,255,20,55
92,36,255,20,55
92,36,255,20,53
92,32,255,20,53
92,32,255,20,55
92,32,255,20,55
92,32,255,20,55
92,32,255,20,55
92,28,251,20,55
92,28,249,765,55
92,28,250,20,62
92,28,249,20,62
92,28,250,20,61
92,24,210,20,61
92,24,210,20,73
92,24,210,20,73
92,24,210,20,71
92,24,207,20,71
92,20,161,20,71
92,20,163,765,71
92,20,164,20,89
92,20,165,20,89
92,20,165,20,90
92,16,110,20,90
92,16,111,20,114
92,16,110,20,114
92,16,113,20,116
92,16,111,20,116
92,12,81,20,117
92,12,78,765,117
92,12,80,20,147
92,12,76,20,147
92,12,81,20,148
92,8,61,20,148
92,8,60,20,181
92,8,58,20,181
92,8,60,20,180
92,8,60,20,180
92,4,49,20,180
92,4,51,765,180
92,4,52,20,205
92,4,50,20,205
92,4,47,20,205
92,0,43,20,206
92,0,46,765,206
92,0,41,20,218
92,0,43,20,218
92,0,42,20,219
96,0,40,20,219
96,0,42,20,220
96,0,38,20,220
96,0,40,20,221
96,0,40,20,221
96,4,45,20,222
96,4,49,765,222
96,4,50,20,214
96,4,47,20,214
96,4,48,20,215
96,8,58,20,215
96,8,58,20,196
96,8,59,20,196
96,8,55,20,196
96,8,56,20,196
96,12,76,20,195
96,12,73,765,195
96,12,72,20,165
96,12,74,20,165
96,12,70,20,165
96,16,103,20,165
96,16,104,20,132
96,16,104,20,132
96,16,102,20,134
96,16,102,20,134
96,20,151,20,134
96,20,151,765,134
96,20,152,20,104
96,20,154,20,104
96,20,155,20,102
96,24,205,20,102
96,24,207,20,84
96,24,206,20,84
96,24,205,20,85
96,24,205,20,85
96,28,244,20,84
96,28,242,765,84
96,28,243,20,72
96,28,244,20,72
96,28,243,20,72
96,32,255,20,72
96,32,255,20,65
96,32,255,20,65
96,32,255,20,64
96,32,255,20,64
96,36,255,20,64
96,36,255,765,64
96,36,255,20,62
96,36,255,20,62
96,36,255,20,61
96,40,255,20,61
96,40,255,20,59
96,40,255,20,59
96,40,255,20,58
96,40,255,20,58
96,44,255,20,58
96,44,255,765,58
96,44,255,20,58
96,44,255,20,58
96,44,255,16,59
96,48,255,20,59
96,48,255,20,58
96,48,255,20,58
96,48,255,20,58
96,48,255,20,58
96,52,255,20,57
96,52,255,20,57
96,52,255,20,56
96,52,255,20,56
96,52,255,20,58
96,56,255,20,58
96,56,255,20,60
96,56,255,20,60
96,56,255,20,60
96,56,255,20,60
96,60,255,20,60
96,60,255,20,60
96,60,255,20,63
96,60,255,20,63
96,60,255,20,64
96,64,255,20,64
96,64,255,20,68
96,64,255,20,68
96,64,255,20,69
96,64,255,20,69
96,68,255,20,68
96,68,255,765,68
96,68,255,20,72
96,68,255,20,72
96,68,255,20,73
96,72,255,20,73
96,72,255,20,79
96,72,255,20,79
96,72,255,20,78
96,72,255,20,78
96,76,255,20,79
96,76,255,765,79
96,76,255,20,89
96,76,255,20,89
96,76,255,20,89
96,80,255,20,89
96,80,255,20,99
96,80,255,20,99
96,80,255,20,99
96,80,255,20,99
96,84,255,20,100
96,84,255,765,100
96,84,255,20,115
96,84,255,20,115
96,84,255,20,117
96,88,255,20,117
96,88,255,20,143
96,88,255,20,143
96,88,255,20,141
96,88,255,20,141
96,92,255,20,144
96,92,255,765,144
96,92,255,20,174
96,92,255,20,174
96,92,255,20,176
96,96,255,20,176
96,96,255,20,203
96,96,255,20,203
96,96,255,20,204
96,96,255,20,204
96,100,255,20,205
96,100,255,765,205
96,100,255,20,216
96,100,255,20,216
96,100,255,20,218
96,104,229,20,218
96,104,229,20,221
96,104,231,20,221
96,104,231,20,220
96,104,230,20,220
96,108,177,20,221
96,108,176,765,221
96,108,179,20,221
96,108,179,20,221
96,108,177,20,222
96,112,127,20,222
96,112,129,20,220
96,112,129,20,220
96,112,126,20,220
96,112,127,20,220
96,116,87,20,221
96,116,88,765,221
96,116,90,20,221
96,116,91,20,221
96,116,92,20,220
96,120,65,20,220
96,120,68,20,221
96,120,67,20,221
96,120,67,20,220
96,120,68,20,220
100,120,64,20,220
100,120,66,765,220
100,120,61,20,219
100,120,63,20,219
100,120,61,20,219
100,116,83,20,219
100,116,81,20,220
100,116,85,20,220
100,116,82,20,221
100,116,81,20,221
100,112,118,20,220
100,112,116,765,220
100,112,116,20,221
100,112,118,20,221
100,112,114,20,220
100,108,160,20,220
100,108,161,20,221
100,108,162,20,221
100,108,161,20,221
100,108,162,20,221
100,104,216,20,221
100,104,218,765,221
100,104,220,20,220
100,104,217,20,220
100,104,216,20,220
100,100,249,20,220
100,100,249,20,220
100,100,248,20,220
100,100,249,20,220
100,100,249,20,220
100,96,255,20,220
100,96,255,765,220
100,96,255,20,215
100,96,255,20,215
100,96,255,20,214
100,92,255,20,214
100,92,255,20,201
100,92,255,20,201
100,92,255,20,200
100,92,255,20,200
100,88,255,20,201
100,88,255,765,201
100,88,255,20,174
100,88,255,20,174
100,88,255,20,174
100,84,255,20,174
100,84,255,20,147
100,84,255,20,147
100,84,255,20,147
100,84,255,20,147
100,80,255,20,146
100,80,255,765,146
100,80,255,20,122
100,80,255,20,122
100,80,255,20,122
100,76,255,20,122
100,76,255,20,106
100,76,255,20,106
100,76,255,20,105
100,76,255,20,105
100,72,255,20,105
100,72,255,765,105
100,72,255,20,93
100,72,255,20,93
100,72,255,20,95
100,68,255,20,95
100,68,255,20,87
100,68,255,20,87
100,68,255,20,86
100,68,255,20,86
100,64,255,20,86
100,64,255,765,86
100,64,255,20,79
100,64,255,20,79
100,64,255,20,80
100,60,255,20,80
100,60,255,20,74
100,60,255,20,74
100,60,255,20,75
100,60,255,20,75
100,56,255,20,73
100,56,255,765,73
100,56,255,20,70
100,56,255,20,70
100,56,255,20,70
100,52,255,20,70
100,52,255,20,67
100,52,255,20,67
100,52,255,20,67
100,52,255,20,67
100,48,255,20,67
100,48,255,765,67
100,48,255,20,65
100,48,255,20,65
100,48,255,20,65
100,44,255,20,65
100,44,255,20,66
100,44,255,20,66
100,44,255,20,67
100,44,255,20,67
100,40,255,20,66
100,40,255,765,66
100,40,255,20,68
100,40,255,20,68
100,40,255,20,69
100,36,255,20,69
100,36,255,20,72
100,36,255,20,72
100,36,255,20,71
100,36,255,20,71
100,32,255,20,71
100,32,255,765,71
100,32,255,20,76
100,32,255,20,76
100,32,255,20,76
100,28,244,20,76
100,28,245,20,83
100,28,244,20,83
100,28,246,20,84
100,28,245,20,84
100,24,207,20,84
100,24,209,765,84
100,24,207,20,97
100,24,207,20,97
100,24,206,20,98
100,20,149,20,98
100,20,150,20,120
100,20,150,20,120
100,20,148,20,120
100,20,147,20,120
100,16,105,20,120
100,16,103,765,120
100,16,103,20,153
100,16,100,20,153
100,16,104,20,151
100,12,72,20,151
100,12,73,20,184
100,12,73,20,184
100,12,75,20,184
100,12,70,20,184
100,8,58,20,185
100,8,55,765,185
100,8,56,20,208
100,8,54,20,208
100,8,56,20,207
100,4,47,20,207
100,4,46,20,218
100,4,47,20,218
100,4,46,20,218
100,4,49,20,218
100,0,41,20,219
100,0,38,765,219
100,0,42,20,224
100,0,42,20,224
100,0,40,20,224
104,0,42,20,224
104,0,40,20,224
104,0,40,20,224
104,0,40,20,223
104,0,41,20,223
104,4,44,20,224
104,4,46,765,224
104,4,45,20,223
104,4,47,20,223
104,4,45,20,222
104,8,51,20,222
104,8,52,20,217
104,8,52,20,217
104,8,53,20,217
104,8,53,20,217
104,12,65,20,218
104,12,67,765,218
104,12,68,20,204
104,12,70,20,204
104,12,66,20,204
104,16,92,20,204
104,16,92,20,179
104,16,93,20,179
104,16,90,20,180
104,16,92,20,180
104,20,128,20,182
104,20,131,765,182
104,20,133,20,150
104,20,127,20,150
104,20,133,20,151
104,24,190,20,151
104,24,187,20,122
104,24,188,20,122
104,24,188,20,123
104,24,188,20,123
104,28,233,20,122
104,28,233,765,122
104,28,233,20,106
104,28,231,20,106
104,28,231,20,106
104,32,255,20,106
104,32,255,20,93
104,32,255,20,93
104,32,255,20,92
104,32,255,20,92
104,36,255,20,94
104,36,255,765,94
104,36,255,20,85
104,36,255,20,85
104,36,255,20,86
104,40,255,20,86
104,40,255,20,83
104,40,255,20,83
104,40,255,20,83
104,40,255,20,83
104,44,255,20,83
104,44,255,765,83
104,44,255,20,80
104,44,255,20,80
104,44,255,20,80
104,48,255,20,80
104,48,255,20,80
104,48,255,20,80
104,48,255,20,80
104,48,255,20,80
104,52,255,20,80
104,52,255,20,80
104,52,255,20,82
104,52,255,20,82
104,52,255,20,81
104,56,255,20,81
104,56,255,20,85
104,56,255,20,85
104,56,255,20,87
104,56,255,20,87
104,60,255,20,87
104,60,255,20,87
104,60,255,20,92
104,60,255,20,92
104,60,255,20,92
104,64,255,20,92
104,64,255,20,98
104,64,255,20,98
104,64,255,20,99
104,64,255,20,99
104,68,255,20,99
104,68,255,765,99
104,68,255,20,107
104,68,255,20,107
104,68,255,20,107
104,72,255,20,107
104,72,255,20,120
104,72,255,20,120
104,72,255,20,119
104,72,255,20,119
104,76,255,20,120
104,76,255,765,120
104,76,255,20,134
104,76,255,20,134
104,76,255,20,134
104,80,255,20,134
104,80,255,20,156
104,80,255,20,156
104,80,255,20,158
104,80,255,20,158
104,84,255,20,155
104,84,255,765,155
104,84,255,20,180
104,84,255,20,180
104,84,255,20,179
104,88,255,20,179
104,88,255,20,200
104,88,255,20,200
104,88,255,20,201
104,88,255,20,201
104,92,255,20,202
104,92,255,765,202
104,92,255,20,214
104,92,255,20,214
104,92,255,20,213
104,96,255,20,213
104,96,255,20,220
104,96,255,20,220
104,96,255,20,219
104,96,255,20,219
104,100,232,20,219
104,100,235,765,219
104,100,232,20,221
104,100,231,20,221
104,100,233,20,222
104,104,197,20,222
104,104,197,20,221
104,104,199,20,221
104,104,198,20,221
104,104,197,20,221
104,108,147,20,222
104,108,147,765,222
104,108,149,20,222
104,108,149,20,222
104,108,149,20,222
104,112,109,20,222
104,112,112,20,220
104,112,107,20,220
104,112,107,20,220
104,112,110,20,220
104,116,77,20,220
104,116,79,765,220
104,116,82,20,220
104,116,79,20,220
104,116,82,20,220
104,120,61,20,220
104,120,64,20,221
104,120,60,20,221
104,120,58,20,219
104,120,59,20,219
108,120,56,20,219
108,120,56,765,219
108,120,54,20,220
108,120,53,20,220
108,120,55,20,219
108,116,73,20,219
108,116,73,20,220
108,116,68,20,220
108,116,71,20,220
108,116,71,20,220
108,112,99,20,219
108,112,92,765,219
108,112,93,20,220
108,112,98,20,220
108,112,95,20,220
108,108,128,20,220
108,108,127,20,221
108,108,130,20,221
108,108,127,20,220
108,108,128,20,220
108,104,168,20,221
108,104,169,765,221
108,104,169,20,221
108,104,169,20,221
108,104,169,20,220
108,100,215,20,220
108,100,216,20,220
108,100,217,20,220
108,100,216,20,220
108,100,215,20,220
108,96,241,20,221
108,96,241,765,221
108,96,241,20,222
108,96,240,20,222
108,96,241,20,221
108,92,255,20,221
108,92,255,20,218
108,92,255,20,218
108,92,255,20,219
108,92,255,20,219
108,88,255,20,220
108,88,255,765,220
108,88,255,20,215
108,88,255,20,215
108,88,255,20,215
108,84,255,20,215
108,84,255,20,205
108,84,255,20,205
108,84,255,20,205
108,84,255,20,205
108,80,255,20,205
108,80,255,765,205
108,80,255,20,189
108,80,255,20,189
108,80,255,20,189
108,76,255,20,189
108,76,255,20,169
108,76,255,20,169
108,76,255,20,170
108,76,255,20,170
108,72,255,20,170
108,72,255,765,170
108,72,255,20,151
108,72,255,20,151
108,72,255,20,151
108,68,255,20,151
108,68,255,20,134
108,68,255,20,134
108,68,255,20,137
108,68,255,20,137
108,64,255,20,138
108,64,255,765,138
108,64,255,20,125
108,64,255,20,125
108,64,255,20,122
108,60,255,20,122
108,60,255,20,113
108,60,255,20,113
108,60,255,20,116
108,60,255,20,116
108,56,255,20,114
108,56,255,765,114
108,56,255,20,107
108,56,255,20,107
108,56,255,20,106
108,52,255,20,106
108,52,255,20,102
108,52,255,20,102
108,52,255,20,102
108,52,255,20,102
108,48,255,20,103
108,48,255,765,103
108,48,255,20,100
108,48,255,20,100
108,48,255,20,100
108,44,255,20,100
108,44,255,20,100
108,44,255,20,100
108,44,255,20,101
108,44,255,20,101
108,40,255,20,100
108,40,255,765,100
108,40,255,20,100
108,40,255,20,100
108,40,255,20,101
108,36,255,20,101
108,36,255,20,106
108,36,255,20,106
108,36,255,20,106
108,36,255,20,106
108,32,255,20,105
108,32,255,765,105
108,32,255,20,117
108,32,255,20,117
108,32,255,20,117
108,28,229,20,117
108,28,228,20,131
108,28,227,20,131
108,28,226,20,132
108,28,228,20,132
108,24,179,20,133
108,24,176,765,133
108,24,178,20,153
108,24,176,20,153
108,24,177,20,152
108,20,127,20,152
108,20,123,20,180
108,20,124,20,180
108,20,125,20,179
108,20,123,20,179
108,16,89,20,180
108,16,89,765,180
108,16,87,20,202
108,16,87,20,202
108,16,89,20,201
108,12,66,20,201
108,12,65,20,213
108,12,66,20,213
108,12,64,20,214
108,12,67,20,214
108,8,52,20,216
108,8,51,765,216
108,8,53,20,222
108,8,50,20,222
108,8,51,20,221
108,4,44,20,221
108,4,42,20,224
108,4,40,20,224
108,4,42,20,225
108,4,44,20,225
108,0,42,20,224
108,0,41,765,224
108,0,40,20,224
108,0,39,20,224
108,0,39,20,225
112,0,39,20,225
112,0,40,20,225
112,0,37,20,225
112,0,42,20,225
112,0,40,20,225
112,4,41,20,225
112,4,41,765,225
112,4,39,20,224
112,4,41,20,224
112,4,44,20,224
112,8,48,20,224
112,8,48,20,223
112,8,49,20,223
112,8,49,20,223
112,8,49,20,223
112,12,57,20,224
112,12,60,765,224
112,12,58,20,222
112,12,60,20,222
112,12,59,20,223
112,16,76,20,223
112,16,79,20,216
112,16,77,20,216
112,16,78,20,215
112,16,80,20,215
112,20,104,20,217
112,20,106,765,217
112,20,106,20,206
112,20,106,20,206
112,20,107,20,207
112,24,145,20,207
112,24,145,20,189
112,24,142,20,189
112,24,146,20,190
112,24,146,20,190
112,28,198,20,191
112,28,194,765,191
112,28,196,20,166
112,28,196,20,166
112,28,197,20,168
112,32,241,20,168
112,32,242,20,149
112,32,243,20,149
112,32,241,20,151
112,32,242,20,151
112,36,255,20,150
112,36,255,765,150
112,36,255,20,138
112,36,255,20,138
112,36,255,20,141
112,40,255,20,141
112,40,255,20,132
112,40,255,20,132
112,40,255,20,135
112,40,255,20,135
112,44,255,20,134
112,44,255,765,134
112,44,255,20,129
112,44,255,20,129
112,44,255,20,129
112,48,255,20,129
112,48,255,20,130
112,48,255,20,130
112,48,255,20,131
112,48,255,20,131
112,52,255,20,129
112,52,255,765,129
112,52,255,20,136
112,52,255,20,136
112,52,255,20,133
112,56,255,20,133
112,56,255,20,137
112,56,255,20,137
112,56,255,20,137
112,56,255,20,137
112,60,255,20,140
112,60,255,765,140
112,60,255,20,147
112,60,255,20,147
112,60,255,20,147
112,64,255,20,147
112,64,255,20,160
112,64,255,20,160
112,64,255,20,159
112,64,255,20,159
112,68,255,20,160
112,68,255,765,160
112,68,255,20,174
112,68,255,20,174
112,68,255,20,174
112,72,255,20,174
112,72,255,20,188
112,72,255,20,188
112,72,255,20,189
112,72,255,20,189
112,76,255,20,188
112,76,255,765,188
112,76,255,20,201
112,76,255,20,201
112,76,255,20,201
112,80,255,20,201
112,80,255,20,213
112,80,255,20,213
112,80,255,20,212
112,80,255,20,212
112,84,255,20,213
112,84,255,765,213
112,84,255,20,219
112,84,255,20,219
112,84,255,20,218
112,88,255,20,218
112,88,255,20,221
112,88,255,20,221
112,88,255,20,220
112,88,255,20,220
112,92,241,20,220
112,92,241,765,220
112,92,243,20,222
112,92,240,20,222
112,92,240,20,222
112,96,221,20,222
112,96,219,20,222
112,96,219,20,222
112,96,220,20,223
112,96,222,20,223
112,100,187,20,221
112,100,185,765,221
112,100,187,20,223
112,100,188,20,223
112,100,190,20,222
112,104,145,20,222
112,104,150,20,222
112,104,148,20,221
112,104,147,20,221
112,104,148,20,221
112,108,113,20,221
112,108,110,20,221
112,108,113,20,221
112,108,112,20,222
112,108,114,20,222
112,112,86,20,222
112,112,89,765,222
112,112,86,20,220
112,112,85,20,220
112,112,88,20,219
112,116,65,20,219
112,116,68,20,220
112,116,64,20,220
112,116,66,20,220
112,116,64,20,220
112,120,51,20,219
112,120,49,765,219
112,120,51,20,220
112,120,52,20,220
112,120,51,20,220
116,120,48,20,220
116,120,46,20,220
116,120,49,20,220
116,120,49,20,220
116,120,51,20,220
116,116,57,20,219
116,116,59,765,219
116,116,57,20,219
116,116,57,20,219
116,116,56,20,219
116,112,72,20,219
116,112,75,20,220
116,112,76,20,220
116,112,74,20,219
116,112,72,20,219
116,108,96,20,220
116,108,93,765,220
116,108,96,20,220
116,108,97,20,220
116,108,95,20,220
116,104,121,20,220
116,104,119,20,221
116,104,120,20,221
116,104,122,20,219
116,104,118,20,219
116,100,155,20,220
116,100,153,765,220
116,100,150,20,220
116,100,153,20,220
116,100,150,20,220
116,96,189,20,220
116,96,189,20,220
116,96,189,20,220
116,96,191,20,222
116,96,187,20,222
116,92,218,20,221
116,92,218,765,221
116,92,218,20,223
116,92,217,20,223
116,92,218,20,222
116,88,238,20,222
116,88,238,20,222
116,88,238,765,222
116,88,238,20,222
116,88,238,20,222
116,84,255,20,222
116,84,255,20,221
116,84,255,20,221
116,84,255,20,220
116,84,255,20,220
116,80,255,20,223
116,80,255,765,223
116,80,255,20,220
116,80,255,20,220
116,80,255,20,219
116,76,255,20,219
116,76,255,20,216
116,76,255,20,216
116,76,255,20,218
116,76,255,20,218
116,72,255,20,216
116,72,255,765,216
116,72,255,20,212
116,72,255,20,212
116,72,255,20,211
116,68,255,20,211
116,68,255,20,203
116,68,255,20,203
116,68,255,20,204
116,68,255,20,204
116,64,255,20,205
116,64,255,765,205
116,64,255,20,195
116,64,255,20,195
116,64,255,20,194
116,60,255,20,194
116,60,255,20,186
116,60,255,20,186
116,60,255,20,186
116,60,255,20,186
116,56,255,20,184
116,56,255,765,184
116,56,255,20,177
116,56,255,20,177
116,56,255,20,176
116,52,255,20,176
116,52,255,20,170
116,52,255,20,170
116,52,255,20,172
116,52,255,20,172
116,48,255,20,169
116,48,255,765,169
116,48,255,20,169
116,48,255,20,169
116,48,255,20,168
116,44,255,20,168
116,44,255,20,167
116,44,255,20,167
116,44,255,20,170
116,44,255,20,170
116,40,255,20,167
116,40,255,765,167
116,40,255,20,171
116,40,255,20,171
116,40,255,20,173
116,36,255,20,173
116,36,255,20,181
116,36,255,20,181
116,36,255,20,180
116,36,255,20,180
116,32,222,20,181
116,32,223,765,181
116,32,224,20,190
116,32,224,20,190
116,32,224,20,192
116,28,173,20,192
116,28,173,20,202
116,28,171,20,202
116,28,171,20,202
116,28,171,20,202
116,24,129,20,202
116,24,128,765,202
116,24,129,20,212
116,24,129,20,212
116,24,128,20,212
116,20,97,20,212
116,20,97,20,218
116,20,95,20,218
116,20,97,20,217
116,20,95,20,217
116,16,74,20,218
116,16,70,765,218
116,16,73,20,220
116,16,74,20,220
116,16,72,20,222
116,12,56,20,222
116,12,53,20,223
116,12,57,20,223
116,12,57,20,224
116,12,55,20,224
116,8,47,20,225
116,8,47,765,225
116,8,47,20,224
116,8,48,20,224
116,8,47,20,225
116,4,40,20,225
116,4,39,20,225
116,4,42,20,225
116,4,42,20,225
116,4,38,20,225
116,0,36,20,225
116,0,36,765,225
116,0,39,20,225
116,0,36,20,225
116,0,38,20,226
120,0,36,20,226
120,0,33,20,225
120,0,34,20,225
120,0,36,20,226
120,0,37,20,226
120,4,40,20,226
120,4,39,765,226
120,4,41,20,225
120,4,38,20,225
120,4,36,20,226
120,8,42,20,226
120,8,43,20,225
120,8,47,20,225
120,8,42,20,225
120,8,45,20,225
120,12,54,20,224
120,12,48,765,224
120,12,50,20,225
120,12,48,20,225
120,12,48,20,224
120,16,61,20,224
120,16,61,20,225
120,16,59,20,225
120,16,61,20,225
120,16,64,20,225
120,20,76,20,225
120,20,79,765,225
120,20,80,20,224
120,20,78,20,224
120,20,80,20,223
120,24,104,20,223
120,24,103,20,223
120,24,104,20,223
120,24,103,20,222
120,24,104,20,222
120,28,133,20,222
120,28,133,765,222
120,28,131,20,220
120,28,133,20,220
120,28,135,20,218
120,32,169,20,218
120,32,170,20,215
120,32,168,20,215
120,32,168,20,215
120,32,171,20,215
120,36,211,20,216
120,36,210,765,216
120,36,212,20,212
120,36,210,20,212
120,36,207,20,211
120,40,254,20,211
120,40,254,20,208
120,40,253,20,208
120,40,252,20,208
120,40,252,20,208
120,44,255,20,209
120,44,255,765,209
120,44,255,20,205
120,44,255,20,205
120,44,255,20,206
120,48,255,20,206
120,48,255,20,204
120,48,255,20,204
120,48,255,20,205
120,48,255,20,205
120,52,255,20,206
120,52,255,20,206
120,52,255,20,207
120,52,255,20,207
120,52,255,20,206
120,56,255,20,206
120,56,255,20,208
120,56,255,20,208
120,56,255,20,209
120,56,255,20,209
120,60,255,20,209
120,60,255,765,209
120,60,255,20,214
120,60,255,20,214
120,60,255,20,213
120,64,255,20,213
120,64,255,20,217
120,64,255,20,217
120,64,255,20,216
120,64,255,20,216
120,68,255,20,217
120,68,255,765,217
120,68,255,20,218
120,68,255,20,218
120,68,255,20,220
120,72,255,20,220
120,72,255,20,221
120,72,255,20,221
120,72,255,20,222
120,72,255,20,222
120,76,255,20,222
120,76,255,765,222
120,76,255,20,222
120,76,255,20,222
120,76,255,20,222
120,80,241,20,222
120,80,240,20,223
120,80,241,20,223
120,80,238,20,222
120,80,240,20,222
120,84,223,20,224
120,84,224,765,224
120,84,226,20,223
120,84,226,20,223
120,84,227,20,224
120,88,212,20,224
120,88,213,20,222
120,88,211,20,222
120,88,212,20,222
120,88,211,20,222
120,92,182,20,223
120,92,181,765,223
120,92,180,20,222
120,92,183,20,222
120,92,182,20,221
120,96,153,20,221
120,96,150,20,223
120,96,153,20,223
120,96,154,20,222
120,96,152,20,222
120,100,125,20,222
120,100,124,765,222
120,100,128,20,222
120,100,126,20,222
120,100,127,20,221
120,104,102,20,221
120,104,99,20,222
120,104,101,20,222
120,104,102,20,221
120,104,102,20,221
120,108,80,20,222
120,108,80,765,222
120,108,80,20,221
120,108,81,20,221
120,108,80,20,220
120,112,66,20,220
120,112,67,20,219
120,112,63,20,219
120,112,64,20,220
120,112,68,20,220
120,116,51,20,220
120,116,53,765,220
120,116,53,20,220
120,116,55,20,220
120,116,54,20,220
120,120,46,20,220
120,120,45,20,219
120,120,47,20,219
120,120,46,20,220
120,120,44,20,220
